meal_id,image_url,icon,source,license,attribution_title
MEAL-0276,https://www.flickr.com/photos/58533294@N00/7865279962,🍽️,openverse,by-nc-sa 2.0,Yotams full-of-herbs Thai fish cakes
MEAL-0402,https://www.flickr.com/photos/60162443@N00/5594324296,🍽️,openverse,by-nc 2.0,Delicious Kale Chips with Tahini and Garlic!
MEAL-0352,https://www.flickr.com/photos/16189905@N00/331676727,🍽️,openverse,by-sa 2.0,Cornucopia of delectica at Teriyaki Boy
MEAL-0365,https://www.flickr.com/photos/35766190@N08/7973915462,🍽️,openverse,by-nc-nd 2.0,Superfood Protein Pancakes
MEAL-0460,https://www.flickr.com/photos/24662369@N07/4474291736,🍽️,openverse,by 2.0,Pipsqueak Star Unleashes Monster Flare
MEAL-0023,https://www.flickr.com/photos/10559879@N00/3106837398,🍽️,openverse,by-sa 2.0,"Insides - Chocolate Fondant with Jones Vanilla Bean Ice-Cream - baked to order - Jones The Grocer, Chadstone AUD10"
MEAL-0469,https://www.flickr.com/photos/39969363@N08/3988314388,🍽️,openverse,by-nc 2.0,lemongrass chicken liver pate sandwich
MEAL-0367,https://www.flickr.com/photos/155807330@N05/42019112550,🍽️,openverse,by 2.0,Acai berry bowl
MEAL-0463,https://www.flickr.com/photos/32400437@N07/49812312842,🍽️,openverse,by-nc-nd 2.0,Lentil and Kale Soup
MEAL-0295,https://www.flickr.com/photos/33134912@N00/51365155087,🍽️,openverse,by-nd 2.0,"Grilled Prawns With Avocado Salad, Duke’s Seafood, Seattle"
MEAL-0440,https://www.flickr.com/photos/10559879@N00/5447242217,🍽️,openverse,by-nc-sa 2.0,"Roti, dhal, baby bok choy"
MEAL-0107,https://www.flickr.com/photos/58367355@N00/22100868223,🍽️,openverse,by 2.0,Stuffed Sweet Potato with Tahini Sauce
MEAL-0168,https://www.flickr.com/photos/62586117@N05/9209550065,🍽️,openverse,by-nc-nd 2.0,Fresh Every Day.
MEAL-0200,https://www.flickr.com/photos/81933928@N00/239820065,🍽️,openverse,by-nc-sa 2.0,close-up of chickpea flour pancakes
MEAL-0093,https://www.flickr.com/photos/64607715@N05/51579147349,🍽️,openverse,by-sa 2.0,Roasting Chickpeas
MEAL-0387,https://www.flickr.com/photos/40726522@N02/5324726043,🍽️,openverse,by-nc-nd 2.0,Spicy cashew chicken
MEAL-0370,https://www.flickr.com/photos/25977089@N00/5495182882,🍽️,openverse,by 2.0,"Bento #254: Low-carb, high-fat breakfast!"
MEAL-0013,https://www.flickr.com/photos/10559879@N00/3140283361,🍽️,openverse,by-sa 2.0,Aunt Lee Geoks Beetroot and Tahini Dip and Wessex Saddleback Pig Ham
MEAL-0033,https://www.flickr.com/photos/55984643@N04/5931681336,🍽️,openverse,by-nc-nd 2.0,Greek Yogurt Parfait
MEAL-0289,https://www.flickr.com/photos/45032885@N04/4415406430,🍽️,openverse,by 2.0,STOP & SHOP Deluxe Mixed Nuts
MEAL-0323,https://www.flickr.com/photos/68842954@N00/6324770774,🍽️,openverse,by-nc-sa 2.0,My Eats: 11-05-11
MEAL-0329,https://www.flickr.com/photos/10559879@N00/4745908206,🍽️,openverse,by-sa 2.0,Tempura Salmon Brown Rice Sushi roll - Sushii Ishakaya AUD2.50
MEAL-0182,https://www.flickr.com/photos/65884714@N00/1582359644,🍽️,openverse,by-nc 2.0,Tin with her seaweed snack pack.
MEAL-0178,https://www.flickr.com/photos/16606330@N00/8581166452,🍽️,openverse,by-nc 2.0,Kale chips
MEAL-0443,https://www.flickr.com/photos/58367355@N00/22695911596,🍽️,openverse,by 2.0,Stuffed Sweet Potato with Tahini Sauce-2
MEAL-0325,https://www.flickr.com/photos/77725780@N00/3056380793,🍽️,openverse,by 2.0,Dizzerts on deck. (KoStar made the turkey cookies)
MEAL-0480,https://www.flickr.com/photos/65258648@N02/15866318888,🍽️,openverse,by-nc 2.0,Quinoa porridge
MEAL-0161,https://www.flickr.com/photos/10559879@N00/414511038,🍽️,openverse,by-sa 2.0,Meat Platter - Dips Tavern
MEAL-0491,https://www.flickr.com/photos/201676878@N03/54342435197,🍽️,openverse,by 2.0,grilled shrimp tacos with cabbage slaw
MEAL-0432,https://www.flickr.com/photos/104327456@N07/11977293864,🍽️,openverse,by 2.0,Crème Brûlée
MEAL-0316,https://www.flickr.com/photos/46106852@N06/7013601751,🍽️,openverse,by-nd 2.0,Damian Allsop Dark Chocolate with Banana and Ginger in the packaging
MEAL-0382,https://www.flickr.com/photos/40933543@N00/3177377867,🍽️,openverse,by-sa 2.0,Egg Fried Rice
MEAL-0333,https://www.flickr.com/photos/70124339@N00/52418893954,🍽️,openverse,by-nc-nd 2.0,Chicken and chickpea tagine with dates and harissa sauce
MEAL-0220,https://www.flickr.com/photos/23054755@N00/135905798,🍽️,openverse,by 2.0,Salmon Dinner 2.0
MEAL-0189,https://www.flickr.com/photos/25925793@N00/4318374282,🍽️,openverse,by 2.0,January
MEAL-0032,https://www.flickr.com/photos/16469389@N00/8561331989,🍽️,openverse,by-nc-nd 2.0,Quinoa porridge
MEAL-0383,https://www.flickr.com/photos/10559879@N00/2259686201,🍽️,openverse,by-sa 2.0,Grilled Chicken Caesar Salad - Automatic Cafe
MEAL-0253,https://www.flickr.com/photos/62558987@N07/13386891933,🍽️,openverse,by 2.0,Ina-Pinkeys-Heavenly-Hots
MEAL-0226,https://www.flickr.com/photos/14125170@N02/27724382936,🍽️,openverse,by-nc-nd 2.0,Banana Chocolate Chippers
MEAL-0393,https://www.flickr.com/photos/24669410@N00/24519849895,🍽️,openverse,by-nc-nd 2.0,Trying the Green Goddess Smoothie for the first time #gettingmyveggies #healthy2016
MEAL-0375,https://www.flickr.com/photos/63311602@N08/31379126244,🍽️,openverse,by 2.0,Steamed Edamame with Sea Salt ($4.50)
MEAL-0494,https://www.flickr.com/photos/44124401501@N01/36844619,🍽️,openverse,by 2.0,Primantis sandwich
MEAL-0453,https://www.flickr.com/photos/22508531@N08/36279260121,🍽️,openverse,by-nc 2.0,Salmon & avocado toast
MEAL-0195,https://www.flickr.com/photos/15251430@N03/26822589608,🍽️,openverse,by-nc-nd 2.0,Crab Linguine
MEAL-0416,https://www.flickr.com/photos/27917561@N00/2964718779,🍽️,openverse,by-nc-nd 2.0,Sesame Crusted Tuna
MEAL-0173,https://www.flickr.com/photos/36176156@N00/33274654463,🍽️,openverse,by-nc-sa 2.0,#kvpkitchen: Spinach and mushroom frittata with feta for #Easter dinner. NOM. #egglove #kvpinmybelly
MEAL-0421,https://www.flickr.com/photos/21065622@N08/3119861609,🍽️,openverse,by-nc-sa 2.0,In-Suite Breakfast Experience - St. Regis Bali
MEAL-0181,https://www.flickr.com/photos/37753256@N08/4415583424,🍽️,openverse,by 2.0,Energy Ball
MEAL-0462,https://www.flickr.com/photos/33042181@N00/4538218424,🍽️,openverse,by-nc-nd 2.0,Hummingbird Bakery spinach and cheese muffins
MEAL-0314,https://www.flickr.com/photos/10186531@N00/4256980294,🍽️,openverse,by-nc-sa 2.0,Banana Crepes
MEAL-0054,https://www.flickr.com/photos/70522326@N00/2203956526,🍽️,openverse,by 2.0,Goan prawn curry
MEAL-0066,https://www.flickr.com/photos/10559879@N00/37427475884,🍽️,openverse,by-nc 2.0,"Lamb, chicken shawarma with rice and tahini, Hello Sweetie pizza, cauliflower kale salads, chips - Oasis Bakery, Murrumbeena"
MEAL-0142,https://www.flickr.com/photos/83955435@N00/5290769601,🍽️,openverse,by-nc-sa 2.0,Year 5~Day 23 +359/365 AND Day 1484: Christmas Trip 2010 - Christmas Day
MEAL-0363,https://www.flickr.com/photos/55935853@N00/4212566059,🍽️,openverse,by-sa 2.0,Rare Venison
MEAL-0224,https://www.flickr.com/photos/10559879@N00/3496634064,🍽️,openverse,by-sa 2.0,Pad Thai tofu and veg - Mint Thai AUD9
MEAL-0415,https://www.flickr.com/photos/34917178@N08/5205365229,🍽️,openverse,by-sa 2.0,Roasted Chicken with Root Vegetables
MEAL-0065,https://www.flickr.com/photos/19535828@N00/3338617148,🍽️,openverse,by-nc-nd 2.0,8th March 2009
MEAL-0302,https://www.flickr.com/photos/19709871@N00/2737969273,🍽️,openverse,by 2.0,Steamed mussels. Vietnamse style
MEAL-0360,https://www.flickr.com/photos/64157928@N00/7988805228,🍽️,openverse,by-nc-nd 2.0,42 - Chili con Carne mit Zartbitterschokolade / Chili con carne with dark chocolate - CloseUp
MEAL-0193,https://www.flickr.com/photos/28085418@N07/6392565979,🍽️,openverse,by-nc-sa 2.0,327/365 November 23 - Stuffed Bell Peppers with Roasted Veg
MEAL-0042,https://www.flickr.com/photos/43528990@N03/30452537153,🍽️,openverse,by-nc-nd 2.0,We prepared crispy sesame rice cakes with tuna tatiki
MEAL-0134,https://www.flickr.com/photos/35468144810@N01/6601002351,🍽️,openverse,by 2.0,My 2012 Mosaic
MEAL-0148,https://www.flickr.com/photos/10559879@N00/11397170606,🍽️,openverse,by-nc-sa 2.0,"Thermomix boiled egg, grilled cherry tomatoes, bacon, mushrooms, avocado, French toast"
MEAL-0386,https://www.flickr.com/photos/19757730@N00/4397017778,🍽️,openverse,by-nc-sa 2.0,"Its February 28th, and Im out back grilling steaks and asparagus. This, my friends, is why we live in California."
MEAL-0313,https://www.flickr.com/photos/87924513@N06/8206014801,🍽️,openverse,by-nc-nd 2.0,Buckwheat flour cookies with chocolate
MEAL-0345,https://www.flickr.com/photos/29285241@N03/6838647065,🍽️,openverse,by-nc 2.0,whole lemon and ginger tea with honey
MEAL-0243,https://www.flickr.com/photos/58367355@N00/5403570812,🍽️,openverse,by 2.0,sardine salad
MEAL-0242,https://www.flickr.com/photos/10376559@N06/3679372889,🍽️,openverse,by-nc 2.0,beef and broccoli stir fry
MEAL-0082,https://www.flickr.com/photos/10561980@N06/3931237662,🍽️,openverse,by-nc-sa 2.0,Lamb Koftas with Tabbouleh and Muhammara
MEAL-0057,https://www.flickr.com/photos/22693495@N02/9215522481,🍽️,openverse,by 2.0,Heal me Green Goddess soup and...
MEAL-0294,https://www.flickr.com/photos/10559879@N00/4317597677,🍽️,openverse,by-sa 2.0,Aonori Senbei Nano - Suzuran AUD2.30
MEAL-0129,https://www.flickr.com/photos/23954783@N00/4287860302,🍽️,openverse,by-nc-sa 2.0,Chickpea and spinach curry
MEAL-0257,https://www.flickr.com/photos/73198958@N08/7571082770,🍽️,openverse,by-nc-sa 2.0,Strawberry Blueberry Greek Yogurt Parfait
MEAL-0077,https://www.flickr.com/photos/10559879@N00/14248837286,🍽️,openverse,by-nc-sa 2.0,"Large salad bowl AUD15 - Capital Kitchen, Chadstone"
MEAL-0356,https://www.flickr.com/photos/28233229@N00/9328996589,🍽️,openverse,by-nc 2.0,photogenic quinoa
MEAL-0277,https://www.flickr.com/photos/30955003@N00/5194794697,🍽️,openverse,by 2.0,Turkey meatballs and pasta
MEAL-0004,https://www.flickr.com/photos/49503179907@N01/5447381940,🍽️,openverse,by-nc-sa 2.0,"Breakfast, Lunch and Dinner"
MEAL-0361,https://www.flickr.com/photos/10559879@N00/2649810692,🍽️,openverse,by-sa 2.0,"Ramen with Charshu, Japanese Fish Roll, Oyster Mushroom in Pork Bone Soup - Sushiko"
MEAL-0465,https://www.flickr.com/photos/35468144810@N01/6601002351,🍽️,openverse,by 2.0,My 2012 Mosaic
MEAL-0027,https://www.flickr.com/photos/33608338@N04/3843886595,🍽️,openverse,by-nc-sa 2.0,Delicious
MEAL-0477,https://www.flickr.com/photos/17491857@N00/1300130693,🍽️,openverse,by-nc-nd 2.0,berry nice hotcakes
MEAL-0034,https://www.flickr.com/photos/8392849@N07/2189853075,🍽️,openverse,by-nc-sa 2.0,IMGP0001.JPG
MEAL-0136,https://www.flickr.com/photos/64157928@N00/7988804974,🍽️,openverse,by-nc-nd 2.0,41 - Chili con Carne mit Zartbitterschokolade / Chili con carne with dark chocolate - Serviert
MEAL-0112,https://www.flickr.com/photos/10559879@N00/3517178007,🍽️,openverse,by-sa 2.0,Tomyum Vegetarian Fried Noodles - Mint Thai AUD9
MEAL-0359,https://www.flickr.com/photos/43927576@N00/304786709,🍽️,openverse,by-nc-sa 2.0,recipe: white trash yams - _MG_6118
MEAL-0211,https://www.flickr.com/photos/61829774@N00/8064619407,🍽️,openverse,by-nc-nd 2.0,Vegan Beet Borscht
MEAL-0355,https://www.flickr.com/photos/31331640@N00/8540617107,🍽️,openverse,by-sa 2.0,avo-sardin salad
MEAL-0159,https://www.flickr.com/photos/10559879@N00/521246021,🍽️,openverse,by-sa 2.0,Smoked Chicken Caesar Salad - Attitudes
MEAL-0274,https://www.flickr.com/photos/7927684@N03/14589335795,🍽️,openverse,by 2.0,"Mmm... ribeye, asparagus, little potatoes, and a caprese salad"
MEAL-0483,https://www.flickr.com/photos/53416300@N00/2081427822,🍽️,openverse,by-nc-sa 2.0,Jello Mold
MEAL-0485,https://www.flickr.com/photos/71430589@N02/37379283905,🍽️,openverse,by-nc-sa 2.0,"Definitely going to try this brekkie inspo from @amandaswholesomekitchen--great way to use almond butter! Chia pudding bowls topped with all the goodies - granola, berries, homemade almond butter, cacao nibs & Pure n Free coconut yoghurt 💗"
MEAL-0251,https://www.flickr.com/photos/22528972@N05/5299299147,🍽️,openverse,by 2.0,Venison Steak
MEAL-0272,https://www.flickr.com/photos/7927684@N03/8374790146,🍽️,openverse,by 2.0,Mmm... shrimp and broccoli stir fry
MEAL-0473,https://www.flickr.com/photos/10559879@N00/3475772128,🍽️,openverse,by-sa 2.0,Tofu Steak - Momotaro Rahmen AUD6
MEAL-0062,https://www.flickr.com/photos/63846278@N00/2586798266,🍽️,openverse,by-nc-nd 2.0,Waffles
MEAL-0125,https://www.flickr.com/photos/49845772@N03/14389555830,🍽️,openverse,by 2.0,Spicy Lentil Wraps with Tahini Dipping Sauce
MEAL-0219,https://www.flickr.com/photos/58367355@N00/22100717633,🍽️,openverse,by 2.0,Stuffed Sweet Potato with Tahini Sauce-3
MEAL-0046,https://www.flickr.com/photos/44373968@N00/84012732,🍽️,openverse,by 2.0,Fried Rice Reads Math
MEAL-0124,https://www.flickr.com/photos/28650594@N03/8734811167,🍽️,openverse,by 2.0,"Prince Harry plays sitting volleyball with wounded warriors, Misty May-Treanor [Image 2 of 7]"
MEAL-0011,https://www.flickr.com/photos/66787975@N00/2948627658,🍽️,openverse,by-sa 2.0,Apple crumble a la mode
MEAL-0083,https://www.flickr.com/photos/95268887@N00/3284075371,🍽️,openverse,by-sa 2.0,Crab linguine in tomato
MEAL-0086,https://www.flickr.com/photos/31413272@N00/42712176071,🍽️,openverse,by-nc-sa 2.0,"Brunch Banana oat pancakes, served with fruit, nice cream and maple syrup. Recipe by @rachelama_ #pancakes #brunch #vegan #whatveganseat #veganfood #fruit #plantbased"
MEAL-0157,https://www.flickr.com/photos/48556423@N00/7062752257,🍽️,openverse,by-nc-sa 2.0,#homemade #turkey #bacon #avocado #wrap #lunch
MEAL-0205,https://www.flickr.com/photos/64607715@N05/41028318572,🍽️,openverse,by-sa 2.0,Roasting Chickpeas
MEAL-0230,https://www.flickr.com/photos/150669121@N05/35568010936,🍽️,openverse,by-nc 2.0,Beetroot & Berry Smoothie
MEAL-0059,https://www.flickr.com/photos/73288032@N00/2704646270,🍽️,openverse,by-nc-sa 2.0,Homemade Granola
MEAL-0106,https://www.flickr.com/photos/11922859@N00/383704339,🍽️,openverse,by-nc-sa 2.0,Mung bean balls
MEAL-0209,https://www.flickr.com/photos/68421420@N03/8180503972,🍽️,openverse,by-nc-nd 2.0,"Pumpkin and Greek Yogurt, with crumbled oat biscuit"
MEAL-0418,https://www.flickr.com/photos/10561980@N06/3930452995,🍽️,openverse,by-nc-sa 2.0,Lamb Koftas with Tabbouleh and Muhammara
MEAL-0069,https://www.flickr.com/photos/93421824@N06/8811410142,🍽️,openverse,by 2.0,Energy Ball
MEAL-0213,https://www.flickr.com/photos/71326786@N00/304247172,🍽️,openverse,by-nc-nd 2.0,Handmade Thanksgiving menus
MEAL-0287,https://www.flickr.com/photos/10559879@N00/3236276918,🍽️,openverse,by-sa 2.0,蚝仔烙 Oyster Omelette - Easy East
MEAL-0261,https://www.flickr.com/photos/44124370018@N01/54045441325,🍽️,openverse,by 2.0,Waffle Sandwich with mixed berries and almond butter
MEAL-0450,https://www.flickr.com/photos/14125170@N02/27146468914,🍽️,openverse,by-nc-nd 2.0,Banana Chocolate Chippers
MEAL-0001,https://www.flickr.com/photos/21001756@N06/3101152861,🍽️,openverse,by 2.0,iron boost!
MEAL-0116,https://www.flickr.com/photos/40656982@N00/7726007240,🍽️,openverse,by-nc-nd 2.0,"Spinach lentil soup, salad, Laban and juice. Breakfast 6.8.12 (Ramadan 18)"
MEAL-0137,https://www.flickr.com/photos/35034346243@N01/9778333292,🍽️,openverse,by-sa 2.0,korean soup
MEAL-0120,https://www.flickr.com/photos/27410581@N07/19706596496,🍽️,openverse,by-sa 2.0,Clif Organic Trail Mix Bar (Dark Chocolate Almond Sea Salt and Dark Chocolate Peanut Butter)
MEAL-0175,https://www.flickr.com/photos/10559879@N00/165716455,🍽️,openverse,by-sa 2.0,Whitebait with Tobiko and Shiso - Kamakura
MEAL-0104,https://www.flickr.com/photos/10559879@N00/5447242217,🍽️,openverse,by-nc-sa 2.0,"Roti, dhal, baby bok choy"
MEAL-0121,https://www.flickr.com/photos/39496648@N02/5348023545,🍽️,openverse,by-nc-sa 2.0,Ginger Tea and Honey
MEAL-0298,https://www.flickr.com/photos/70323761@N00/5871679388,🍽️,openverse,by-nc-nd 2.0,Kyoto - Kikunoi Honten: Hassun
MEAL-0481,https://www.flickr.com/photos/22508531@N08/32944952584,🍽️,openverse,by-nc 2.0,Greek yogurt parfait
MEAL-0354,https://www.flickr.com/photos/33993074@N00/28265304420,🍽️,openverse,by 2.0,Beef and broccoli stir fry
MEAL-0098,https://www.flickr.com/photos/26844134@N02/12505873933,🍽️,openverse,by 2.0,"I get the recipe from @tastyyummies s blog. She is fantastic. Bluth Bites – Frozen Chocolate Covered Bananas {Gluten-free + Vegan} Frozen sliced banana for 2 or more hours, melting 99% dark chocolate with 1 teaspoon coconut oil, cover banana with chocol"
MEAL-0072,https://www.flickr.com/photos/8174757@N02/6113031911,🍽️,openverse,by 2.0,"penne with basil pesto, green beans, and potatoes"
MEAL-0050,https://www.flickr.com/photos/73645804@N00/562666865,🍽️,openverse,by 2.0,"farewell, old friend"
MEAL-0216,https://www.flickr.com/photos/10559879@N00/5447242217,🍽️,openverse,by-nc-sa 2.0,"Roti, dhal, baby bok choy"
MEAL-0132,https://www.flickr.com/photos/49845772@N03/4818138457,🍽️,openverse,by 2.0,"Quinoa, Black Bean, and Mango Salad"
MEAL-0351,https://www.flickr.com/photos/32400437@N07/49812010616,🍽️,openverse,by-nc-nd 2.0,Lentil and Kale Soup
MEAL-0245,https://www.flickr.com/photos/7389807@N06/3841289214,🍽️,openverse,by-nc-sa 2.0,The Sandwich to End All Sandwiches
MEAL-0155,https://www.flickr.com/photos/40761412@N00/5825897589,🍽️,openverse,by-nc-sa 2.0,Sunday Dinner
MEAL-0089,https://www.flickr.com/photos/20799701@N00/16048786661,🍽️,openverse,by-nc-sa 2.0,"Staple food grains of the world, Section M: Millets, subsection Finger Millet"
MEAL-0149,https://www.flickr.com/photos/25128194@N02/4162823429,🍽️,openverse,by 2.0,Cranberry Coffee Cake
MEAL-0210,https://www.flickr.com/photos/22798667@N00/4882154429,🍽️,openverse,by-nd 2.0,Durian flesh
MEAL-0152,https://www.flickr.com/photos/71430589@N02/8618024298,🍽️,openverse,by 2.0,BBA (Banana Berry Almond) Protein Smoothie
MEAL-0064,https://www.flickr.com/photos/35468141938@N01/5220435330,🍽️,openverse,by-nc-sa 2.0,Oyster mushroom crisps. Because its good for you?
MEAL-0147,https://www.flickr.com/photos/58367355@N00/6902905454,🍽️,openverse,by 2.0,10. cottage cheese with blackberries & cashews
MEAL-0487,https://www.flickr.com/photos/34735031@N00/1015165922,🍽️,openverse,by-nc-nd 2.0,tingting at google 8-02-07
MEAL-0263,https://www.flickr.com/photos/25128194@N02/3913603298,🍽️,openverse,by 2.0,Savory Edamame Braid
MEAL-0016,https://commons.wikimedia.org/w/index.php?curid=130195331,🍽️,openverse,by-sa 4.0,Poke Bowl in Loviisa
MEAL-0334,https://www.flickr.com/photos/73343592@N08/15520058337,🍽️,openverse,by-nc-sa 2.0,Pumpkin and Sage Risotto
MEAL-0053,https://www.flickr.com/photos/37123035@N00/134607396,🍽️,openverse,by-nc 2.0,Rigatoni and Meatballs
MEAL-0377,https://www.flickr.com/photos/37825841@N04/4941820485,🍽️,openverse,by-nc-nd 2.0,Turkey Roll Up
MEAL-0430,https://www.flickr.com/photos/14125170@N02/9607226019,🍽️,openverse,by-nc-nd 2.0,"Whole Wheat Yogurt, Seed and Cranberry Bread"
MEAL-0040,https://www.flickr.com/photos/71430589@N02/8618024378,🍽️,openverse,by 2.0,BBA (Banana Berry Almond) Protein Smoothie
MEAL-0429,https://www.flickr.com/photos/54781600@N05/35527731653,🍽️,openverse,by-sa 2.0,"Eating Healthy on the Run: Protein Bites, Roasted Chickpeas"
MEAL-0020,https://www.flickr.com/photos/27174655@N00/186828564,🍽️,openverse,by-nd 2.0,sweet salsa stirfry
MEAL-0427,https://www.flickr.com/photos/97217080@N00/8136761542,🍽️,openverse,by-nc-nd 2.0,Vegan MoFo 2012 Favorites
MEAL-0244,https://www.flickr.com/photos/25977089@N00/8568542555,🍽️,openverse,by 2.0,Bento #342: Fritatta
MEAL-0073,https://www.flickr.com/photos/10559879@N00/797823041,🍽️,openverse,by-sa 2.0,"Lamb Chops, Chips and Green Peppercorn Gravy - Squires Loft, South Yarra"
MEAL-0461,https://www.flickr.com/photos/40656982@N00/7431990948,🍽️,openverse,by-nc-nd 2.0,"Grilled Boori fish, salad, onion and tahini dip Lunch 24.6.12"
MEAL-0144,https://www.flickr.com/photos/16469389@N00/8561332099,🍽️,openverse,by-nc-nd 2.0,Quinoa porridge
MEAL-0126,https://www.flickr.com/photos/38902313@N04/6484342913,🍽️,openverse,by 2.0,Sweet and Savoury
MEAL-0373,https://www.flickr.com/photos/71217725@N00/2504053,🍽️,openverse,by 2.0,Raspberry Almond Thumbprint Cookies
MEAL-0498,https://www.flickr.com/photos/73645804@N00/5724595231,🍽️,openverse,by 2.0,"mixed grill: salmon, sweet sausage, asparagus, portabella"
MEAL-0143,https://www.flickr.com/photos/54781600@N05/34046937903,🍽️,openverse,by-sa 2.0,Acai Berry Bowl
MEAL-0364,https://www.flickr.com/photos/70243028@N00/479859533,🍽️,openverse,by-nc-sa 2.0,Mussels in white wine sauce 4.29.07
MEAL-0222,https://www.flickr.com/photos/22798667@N00/5261834362,🍽️,openverse,by-nd 2.0,squash risotto
MEAL-0192,https://www.flickr.com/photos/14843496@N02/4373650620,🍽️,openverse,by 2.0,seared tuna steak
MEAL-0166,https://www.flickr.com/photos/49503078599@N01/33743078,🍽️,openverse,by-nc 2.0,Special Mixed Biryani
MEAL-0186,https://www.flickr.com/photos/40991250@N00/6804619957,🍽️,openverse,by-nc-nd 2.0,sushi roll edamame salad
MEAL-0128,https://www.flickr.com/photos/73584213@N00/52025345478,🍽️,openverse,by-nc-sa 2.0,Bird nest express lunch
MEAL-0449,https://www.flickr.com/photos/21001756@N06/3101152861,🍽️,openverse,by 2.0,iron boost!
MEAL-0413,https://www.flickr.com/photos/37799356@N05/4303589583,🍽️,openverse,by 2.0,"Chickpeas-rice salad with beans, scallions, carrots, pumpkin seeds"
MEAL-0433,https://www.flickr.com/photos/72767520@N08/12130257636,🍽️,openverse,by-sa 2.0,ugu blossom
MEAL-0199,https://www.flickr.com/photos/9020344@N02/7450336980,🍽️,openverse,by 2.0,Indian Rice Pudding
MEAL-0306,https://www.flickr.com/photos/10561980@N06/3930450155,🍽️,openverse,by-nc-sa 2.0,Lamb Koftas with Tabbouleh and Muhammara
MEAL-0319,https://www.flickr.com/photos/25161653@N02/3324731187,🍽️,openverse,by-nc-sa 2.0,banana and walnut muffins
MEAL-0493,https://www.flickr.com/photos/56861730@N08/24577111299,🍽️,openverse,by-nc-nd 2.0,Roast Turkey Wrap
MEAL-0006,https://www.flickr.com/photos/12694964@N00/9834656685,🍽️,openverse,by-nc-sa 2.0,Beet & Berry Breakfast Smoothie
MEAL-0215,https://www.flickr.com/photos/15216811@N06/7304112900,🍽️,openverse,by 2.0,Handmade Bread for Kebab with Sourdough - IMG_3214
MEAL-0439,https://www.flickr.com/photos/13563401@N00/2703250660,🍽️,openverse,by-nc-nd 2.0,Dinner: July 25
MEAL-0232,https://www.flickr.com/photos/81004917@N00/1812904527,🍽️,openverse,by-nc 2.0,Guisers
MEAL-0110,https://www.flickr.com/photos/64011301@N08/9505328653,🍽️,openverse,by-nc-nd 2.0,Late Night Thoughts on William Herschel
MEAL-0176,https://www.flickr.com/photos/13329406@N00/119562511,🍽️,openverse,by-nc-nd 2.0,Second Course: Skate
MEAL-0470,https://www.flickr.com/photos/41930815@N02/5436056210,🍽️,openverse,by 2.0,Main Course: Lamb Shank
MEAL-0474,https://www.flickr.com/photos/57293055@N00/4229977181,🍽️,openverse,by-nc-sa 2.0,Chicken Liver Pate with Crostini
MEAL-0391,https://www.flickr.com/photos/10559879@N00/2461258704,🍽️,openverse,by-sa 2.0,Clam Gratinée - Bistro Vue
MEAL-0486,https://www.flickr.com/photos/93779577@N00/47932396862,🍽️,openverse,by-nc-nd 2.0,The Most Incredible Thing - Storyboard for a Fairy Tail 9269
MEAL-0414,https://www.flickr.com/photos/34735031@N00/1015165922,🍽️,openverse,by-nc-nd 2.0,tingting at google 8-02-07
MEAL-0424,https://www.flickr.com/photos/81933928@N00/239848814,🍽️,openverse,by-nc-sa 2.0,chickpea flour pancakes and coriander chutney
MEAL-0123,https://www.flickr.com/photos/24894289@N08/4076342797,🍽️,openverse,by-nc-nd 2.0,Cider and Doughnuts (Garretts Table is back!)
MEAL-0417,https://www.flickr.com/photos/26166373@N00/2062827119,🍽️,openverse,by-nc-nd 2.0,Stuffed bell peppers
MEAL-0184,https://www.flickr.com/photos/97217080@N00/8503579917,🍽️,openverse,by-nc-nd 2.0,2013-02-23 - VI Pesto-Pasta-Beans-Potatoes - 0002
MEAL-0412,https://www.flickr.com/photos/81279473@N00/242033260,🍽️,openverse,by-nc-nd 2.0,Crab and Corn Chowder
MEAL-0008,https://www.flickr.com/photos/32503151@N05/8521975756,🍽️,openverse,by-nc-sa 2.0,Pholiota-squarrosa_6
MEAL-0024,https://www.flickr.com/photos/64157928@N00/7988805228,🍽️,openverse,by-nc-nd 2.0,42 - Chili con Carne mit Zartbitterschokolade / Chili con carne with dark chocolate - CloseUp
MEAL-0090,https://www.flickr.com/photos/10186531@N00/4256980294,🍽️,openverse,by-nc-sa 2.0,Banana Crepes
MEAL-0353,https://www.flickr.com/photos/42217830@N00/3801341675,🍽️,openverse,by-nc-nd 2.0,Indian banquet
MEAL-0007,https://www.flickr.com/photos/33227787@N05/14315305559,🍽️,openverse,by 2.0,breakfast-cereal-bowl-finish.jpg
MEAL-0202,https://www.flickr.com/photos/10186531@N00/4256980294,🍽️,openverse,by-nc-sa 2.0,Banana Crepes
MEAL-0286,https://www.flickr.com/photos/98214568@N00/272226395,🍽️,openverse,by-nc 2.0,Pumpkin Bread
MEAL-0303,https://www.flickr.com/photos/35059428@N02/5083011334,🍽️,openverse,by-nc 2.0,Ingredients for Kellers roasted chicken with root vegetables
MEAL-0406,https://www.flickr.com/photos/48099890@N08/23570890441,🍽️,openverse,by-nc-sa 2.0,Snack time
MEAL-0078,https://www.flickr.com/photos/35803445@N07/7107891675,🍽️,openverse,by-sa 2.0,Captain Cook cruises
MEAL-0398,https://www.flickr.com/photos/97844767@N00/284901102,🍽️,openverse,by 2.0,Toasted pumpkin seeds
MEAL-0028,https://www.flickr.com/photos/19391820@N00/5825060226,🍽️,openverse,by-nc-nd 2.0,"Pan-seared salmon Mussels in white wine sauce @ The Flea Market Cafe, NYC"
MEAL-0248,https://www.flickr.com/photos/64157928@N00/7988804974,🍽️,openverse,by-nc-nd 2.0,41 - Chili con Carne mit Zartbitterschokolade / Chili con carne with dark chocolate - Serviert
MEAL-0452,https://www.flickr.com/photos/18004443@N00/6429250451,🍽️,openverse,by-nc-sa 2.0,kosheri
MEAL-0395,https://www.flickr.com/photos/14125170@N02/5222037005,🍽️,openverse,by-nc-nd 2.0,Pressed in the Pan
MEAL-0466,https://www.flickr.com/photos/33993074@N00/27932366904,🍽️,openverse,by 2.0,Beef and broccoli stir fry
MEAL-0036,https://www.flickr.com/photos/12670507@N02/4186788170,🍽️,openverse,by 2.0,potato latkes bento [explored]
MEAL-0172,https://www.flickr.com/photos/25925793@N00/4250906232,🍽️,openverse,by 2.0,Smoked Salmon Bagel 6/365
MEAL-0431,https://www.flickr.com/photos/21378578@N00/1449267379,🍽️,openverse,by-nc-nd 2.0,Banana oatmeal walnut muffins
MEAL-0434,https://www.flickr.com/photos/97217080@N00/15015204887,🍽️,openverse,by-nc-nd 2.0,Carbs & Rec - Sex Bites (0003b)
MEAL-0238,https://www.flickr.com/photos/22198928@N00/1698073179,🍽️,openverse,by 2.0,the basil
MEAL-0484,https://www.flickr.com/photos/98392258@N00/5414724912,🍽️,openverse,by-nc-nd 2.0,Smörgåstårta
MEAL-0038,https://www.flickr.com/photos/93779577@N00/47932396862,🍽️,openverse,by-nc-nd 2.0,The Most Incredible Thing - Storyboard for a Fairy Tail 9269
MEAL-0122,https://www.flickr.com/photos/48600074651@N01/2208592572,🍽️,openverse,by-nc-nd 2.0,mezze plate
MEAL-0328,https://www.flickr.com/photos/10559879@N00/5447242217,🍽️,openverse,by-nc-sa 2.0,"Roti, dhal, baby bok choy"
MEAL-0496,https://www.flickr.com/photos/69024001@N00/384066025,🍽️,openverse,by 2.0,the calm before the storm
MEAL-0206,https://www.flickr.com/photos/14125170@N02/8655637841,🍽️,openverse,by-nc-nd 2.0,Gluten Free Cranberry - Citrus Muffins
MEAL-0426,https://www.flickr.com/photos/10186531@N00/4256980294,🍽️,openverse,by-nc-sa 2.0,Banana Crepes
MEAL-0271,https://www.flickr.com/photos/58533294@N00/4827564609,🍽️,openverse,by 2.0,"Chicken Caesar salad with rye bread croutons, bacon, Västerbotten cheese and Quail eggs"
MEAL-0482,https://www.flickr.com/photos/25977089@N00/8427438330,🍽️,openverse,by 2.0,Bento #333: Breakfast
MEAL-0259,https://www.flickr.com/photos/58367355@N00/6989190079,🍽️,openverse,by 2.0,10. cottage cheese breakfast
MEAL-0270,https://www.flickr.com/photos/22118036@N00/4448026353,🍽️,openverse,by 2.0,"Gado-gado, at Tropika restaurant in Vancouver"
MEAL-0275,https://www.flickr.com/photos/7440954@N05/2451698355,🍽️,openverse,by 2.0,Pineapple Cashew Quinoa Stir-Fry
MEAL-0049,https://www.flickr.com/photos/10559879@N00/3014257435,🍽️,openverse,by-sa 2.0,Mixed Lamb and Chicken Souvlaki - Stalactites
MEAL-0119,https://www.rawpixel.com/image/6034639/photo-image-public-domain-fruits-food,🍽️,openverse,cc0 1.0,Breakfast cereal bowl
MEAL-0472,https://www.flickr.com/photos/64157928@N00/7988805228,🍽️,openverse,by-nc-nd 2.0,42 - Chili con Carne mit Zartbitterschokolade / Chili con carne with dark chocolate - CloseUp
MEAL-0456,https://www.flickr.com/photos/56290648@N04/5374622042,🍽️,openverse,by-nc-nd 2.0,Trail Mix Cup
MEAL-0457,https://www.flickr.com/photos/17191769@N00/6044181576,🍽️,openverse,by-nc 2.0,Yellow Ginger Tea and Honey
MEAL-0141,https://www.flickr.com/photos/76696960@N00/7856250938,🍽️,openverse,by-nc-nd 2.0,"Spelt pancake with raw rice protein, soya yogurt, agave syrup and mixed berries."
MEAL-0476,https://www.flickr.com/photos/19391820@N00/5824500453,🍽️,openverse,by-nc-nd 2.0,"Mussels in white wine sauce @ The Flea Market Cafe, NYC"
MEAL-0241,https://www.flickr.com/photos/35034348378@N01/3096831441,🍽️,openverse,by 2.0,"Karens fish curry, spinach and chickpeas"
MEAL-0291,https://www.flickr.com/photos/28486074@N08/3508349421,🍽️,openverse,by-nc-nd 2.0,"Korean Cuisine & Food - 한국음식 - 07 May 2009 - Seoul, South Korea - IMCOM-K"
MEAL-0026,https://www.flickr.com/photos/65317231@N00/4337046590,🍽️,openverse,by-nc-nd 2.0,Corn-fed chicken liver pate
MEAL-0074,https://www.flickr.com/photos/10559879@N00/597071067,🍽️,openverse,by-sa 2.0,Complimentary Edamame - Kenzan
MEAL-0282,https://www.flickr.com/photos/8662172@N02/4482626323,🍽️,openverse,by-sa 2.0,"Rick Bayless: Avocado Mango Salad with Blue Cheese, Chorizo and Toasted Pumpkin Seeds"
MEAL-0225,https://www.flickr.com/photos/21001756@N06/3101152861,🍽️,openverse,by 2.0,iron boost!
MEAL-0435,https://www.flickr.com/photos/75714412@N00/48727696123,🍽️,openverse,by-nc-nd 2.0,HamBeens 15 Bean Soup
MEAL-0087,https://www.flickr.com/photos/10559879@N00/3165974356,🍽️,openverse,by-sa 2.0,Rice+4 - Soulmama AUD16.80 rice+4
MEAL-0091,https://www.flickr.com/photos/25977089@N00/10366206283,🍽️,openverse,by 2.0,Breakfast tacos
MEAL-0322,https://www.flickr.com/photos/83955435@N00/9327916493,🍽️,openverse,by-nc-sa 2.0,Day 227 (Year 7) 199/365 AND Day 2420: Fish Tacos for Lunch
MEAL-0447,https://www.flickr.com/photos/25128194@N02/4657126057,🍽️,openverse,by 2.0,Black Bean Enchilada with Soy Cheeze
MEAL-0169,https://www.flickr.com/photos/37996634689@N01/6765262679,🍽️,openverse,by-nc-nd 2.0,My first green smoothie! Delish.
MEAL-0409,https://www.flickr.com/photos/58533294@N00/8921443138,🍽️,openverse,by-nc-sa 2.0,"Grilled lamb and pistachio kebabs with spicy salad, red onions and flat bread"
MEAL-0308,https://www.flickr.com/photos/58367355@N00/40716394251,🍽️,openverse,by 2.0,"One Pot Beef, Zucchini & Cashew Stir Fry"
MEAL-0410,https://www.flickr.com/photos/70323761@N00/5871679136,🍽️,openverse,by-nc-nd 2.0,Kyoto - Kikunoi Honten: Hassun
MEAL-0163,https://www.flickr.com/photos/70893713@N00/2760563800,🍽️,openverse,by 2.0,Chicken Broccoli Stir Fry
MEAL-0079,https://www.flickr.com/photos/68265131@N00/4981113116,🍽️,openverse,by-nc-sa 2.0,roast chicken w/ root vegetables
MEAL-0236,https://www.flickr.com/photos/28650594@N03/7583363228,🍽️,openverse,by 2.0,USA vs Dominican Republic exhibition game [Image 10 of 12]
MEAL-0231,https://www.flickr.com/photos/10361931@N06/4268971800,🍽️,openverse,by 2.0,Light gray ceramic bowl of honey cereals
MEAL-0055,https://www.flickr.com/photos/10559879@N00/3106837398,🍽️,openverse,by-sa 2.0,"Insides - Chocolate Fondant with Jones Vanilla Bean Ice-Cream - baked to order - Jones The Grocer, Chadstone AUD10"
MEAL-0388,https://www.flickr.com/photos/188303370@N04/49859071938,🍽️,openverse,by-sa 2.0,Baked Fish with Tomatoes and Salad
MEAL-0467,https://www.flickr.com/photos/28922784@N00/30882319076,🍽️,openverse,by-nc-sa 2.0,Chickpead-sardine salad
MEAL-0267,https://www.flickr.com/photos/43321797@N06/5781080649,🍽️,openverse,by 2.0,IMG_1720
MEAL-0250,https://www.flickr.com/photos/52042499@N00/6960801370,🍽️,openverse,by-nc-nd 2.0,Pranzo Preview
MEAL-0096,https://www.flickr.com/photos/104327456@N07/11977157963,🍽️,openverse,by 2.0,A bit of cake
MEAL-0109,https://www.flickr.com/photos/10559879@N00/3697198543,🍽️,openverse,by-sa 2.0,Lamb shoulder tagine with chickpeas - Cafe Mint AUD22.90
MEAL-0376,https://www.flickr.com/photos/150788323@N04/34366722490,🍽️,openverse,by 2.0,protein smoothie - v
MEAL-0310,https://www.flickr.com/photos/12687042@N00/401225662,🍽️,openverse,by-nc-nd 2.0,Bittman Pancakes with Apples and Soy Bean Sausage
MEAL-0384,https://www.flickr.com/photos/85936780@N00/2663051639,🍽️,openverse,by-sa 2.0,Stir fry noodle
MEAL-0445,https://www.flickr.com/photos/25925793@N00/4318374282,🍽️,openverse,by 2.0,January
MEAL-0235,https://www.flickr.com/photos/24894289@N08/4077098570,🍽️,openverse,by-nc-nd 2.0,Cider and Doughnuts (Garretts Table is back!)
MEAL-0420,https://www.flickr.com/photos/58367355@N00/38906268550,🍽️,openverse,by 2.0,"One Pot Beef, Zucchini & Cashew Stir Fry-2"
MEAL-0268,https://www.flickr.com/photos/27454212@N00/3732510095,🍽️,openverse,by-sa 2.0,"Big eye tuna nicoise salad, house made charcuterie"
MEAL-0265,https://www.flickr.com/photos/37825841@N04/4753201288,🍽️,openverse,by-nc-nd 2.0,Turkey Roll Up
MEAL-0204,https://www.flickr.com/photos/46106852@N06/7013601803,🍽️,openverse,by-nd 2.0,Damian Allsop Dark Chocolate with Banana and Ginger
MEAL-0404,https://www.flickr.com/photos/92873332@N00/3536431150,🍽️,openverse,by-nc 2.0,Yoghurt cake with pistachios
MEAL-0113,https://www.flickr.com/photos/21001756@N06/3101152861,🍽️,openverse,by 2.0,iron boost!
MEAL-0111,https://www.flickr.com/photos/25128194@N02/4657126081,🍽️,openverse,by 2.0,Black Bean Enchilada with Soy Cheeze
MEAL-0419,https://www.flickr.com/photos/47149893@N07/6622539097,🍽️,openverse,by 2.0,Crab Linguine in the making
MEAL-0162,https://www.flickr.com/photos/7256454@N05/5959134033,🍽️,openverse,by 2.0,Oak-Grilled Filet Mignon @ Jiko - Animal Kingdom Lodge | Disney Food
MEAL-0284,https://www.flickr.com/photos/65299929@N00/3832034493,🍽️,openverse,by-nc 2.0,Smoke Salmon Bagel
MEAL-0478,https://www.flickr.com/photos/34823437@N04/6425384787,🍽️,openverse,by 2.0,"Eggs scrambled in duck fat, with hickory smoked sea salt, Parmesan cheese, and pancetta leftover from Sundays turkey"
MEAL-0500,https://www.flickr.com/photos/188303370@N04/49859080413,🍽️,openverse,by-sa 2.0,Oriental oven Fish on spinach
MEAL-0076,https://www.flickr.com/photos/11510598@N07/5982169067,🍽️,openverse,by-nc-nd 2.0,dungeness crab & sweet corn chowder
MEAL-0411,https://www.flickr.com/photos/9128415@N06/14643870473,🍽️,openverse,by-sa 2.0,Roasted-beet-and-goat-cheese-salad-1
MEAL-0464,https://www.flickr.com/photos/73584213@N00/52978050225,🍽️,openverse,by-nc-sa 2.0,Teriyaki salmon rice bowl
MEAL-0035,https://www.flickr.com/photos/38142119@N00/22037399151,🍽️,openverse,by 2.0,Fruit Bowl - 10
MEAL-0385,https://www.flickr.com/photos/19515905@N00/4218994418,🍽️,openverse,by-nc 2.0,Greek souvlaki
MEAL-0068,https://www.flickr.com/photos/7574995@N02/4822392263,🍽️,openverse,by-nc-sa 2.0,"yogurtlands lychee, blackberry and pomegranate mix"
MEAL-0327,https://www.flickr.com/photos/34072730@N00/425629098,🍽️,openverse,by-nc-sa 2.0,ingredients in bowl close
MEAL-0446,https://www.flickr.com/photos/31153174@N00/4070875085,🍽️,openverse,by-nc-sa 2.0,Risotto
MEAL-0372,https://www.flickr.com/photos/8113246@N02/40434084621,🍽️,openverse,by-nc 2.0,Rice Salad
MEAL-0403,https://www.flickr.com/photos/10559879@N00/4691213109,🍽️,openverse,by-sa 2.0,Wagyu Beef Salad with Sesame Mayo - Shou Sumiyaki
MEAL-0339,https://www.flickr.com/photos/126560659@N06/33343287432,🍽️,openverse,by 2.0,smoothie bowl breakfast in bed
MEAL-0311,https://www.flickr.com/photos/96588621@N00/1178691437,🍽️,openverse,by-nc-nd 2.0,Taos Composite
MEAL-0408,https://www.flickr.com/photos/84979541@N00/20306395259,🍽️,openverse,by-sa 2.0,Todays rainy day working from home lunch is whole wheat penne pasta with a spinach walnut and currant pesto. Im on this whole putting dried fruits in savory food kick. #donttellnonna #cucinapovera #homemade #noms #pasta
MEAL-0198,https://www.flickr.com/photos/28400420@N08/6258462493,🍽️,openverse,by-nc-nd 2.0,Protein Pancakes
MEAL-0390,https://www.flickr.com/photos/10559879@N00/2597730170,🍽️,openverse,by-sa 2.0,Assam Laksa - Laksa King
MEAL-0103,https://www.flickr.com/photos/15216811@N06/7304112900,🍽️,openverse,by 2.0,Handmade Bread for Kebab with Sourdough - IMG_3214
MEAL-0115,https://www.flickr.com/photos/24998164@N06/28539932325,🍽️,openverse,by-nc-sa 2.0,"cuisinedemememoniq: Smoothie bowl au cassis, pignon de pin, grué de cacao et noix de coco #smoothiebowl #smoothie #cassis #cacao #cuisine #food #homemade #faitmaison Nhésitez pas à nous demander la recette, nous la publierons dans notre blog http://ift.t"
MEAL-0212,https://www.flickr.com/photos/10559879@N00/3165974356,🍽️,openverse,by-sa 2.0,Rice+4 - Soulmama AUD16.80 rice+4
MEAL-0030,https://www.flickr.com/photos/79562087@N00/14382929810,🍽️,openverse,by-nc-nd 2.0,The special
MEAL-0102,https://www.flickr.com/photos/8463188@N08/3167892429,🍽️,openverse,by-nc-sa 2.0,mushroom and barley soup closeup
MEAL-0237,https://www.flickr.com/photos/99284152@N02/37213008770,🍽️,openverse,by-nc-nd 2.0,"Zeleninová kofta s cizrnou, quinoa, pečenou mrkví a dipem z česneku a tahini / Vegetable kofta with chickpeas, quinoa, roasted carrots and garlic and tahini dip"
MEAL-0471,https://www.flickr.com/photos/10559879@N00/3106004073,🍽️,openverse,by-sa 2.0,"Chocolate Fondant with Jones Vanilla Bean Ice-Cream - baked to order - Jones The Grocer, Chadstone AUD10"
MEAL-0495,https://www.flickr.com/photos/74105777@N00/197509537,🍽️,openverse,by 2.0,Chicken caesar salad
MEAL-0317,https://www.flickr.com/photos/64607715@N05/31790853818,🍽️,openverse,by-sa 2.0,Roasting Chickpeas
MEAL-0309,https://www.flickr.com/photos/37433113@N00/12413074633,🍽️,openverse,by-nc-sa 2.0,"Banana and Baked Sweet Potato Smoothie: almond milk, cinnamon, honey, Greek yogurt, a little ice #recipe #breakfast"
MEAL-0499,https://www.flickr.com/photos/25925793@N00/4318374282,🍽️,openverse,by 2.0,January
MEAL-0014,https://www.flickr.com/photos/88494026@N00/2639042069,🍽️,openverse,by-nc-sa 2.0,Eggs Florentine w/ Mexican Rice...sort of
MEAL-0218,https://www.flickr.com/photos/77009411@N00/2890671499,🍽️,openverse,by-nc-nd 2.0,Bobotie
MEAL-0229,https://www.flickr.com/photos/34948727@N00/17175347482,🍽️,openverse,by 2.0,Minted Avocado Smash at Hobba in Prahran
MEAL-0003,https://www.flickr.com/photos/12122501@N00/32659002806,🍽️,openverse,by-nd 2.0,Smoothie Bowl
MEAL-0269,https://www.flickr.com/photos/40726522@N02/5826319228,🍽️,openverse,by-nc-nd 2.0,Turkey cold cut wrap
MEAL-0394,https://www.flickr.com/photos/79454790@N00/2027826717,🍽️,openverse,by-nc-nd 2.0,Black Bean & Sweet Potato Rice Bowl
MEAL-0041,https://www.flickr.com/photos/33277708@N00/9268863533,🍽️,openverse,by-nc-sa 2.0,Preschool Turkey Roll-up Bento #480
MEAL-0156,https://www.flickr.com/photos/26993176@N08/7110207215,🍽️,openverse,by-nc-nd 2.0,‘East meets west’ seared tuna nicoise salad
MEAL-0400,https://www.flickr.com/photos/10559879@N00/2477681667,🍽️,openverse,by-sa 2.0,Lemongrass Pork Chop and Fried Egg on Rice - Dessert House AUD8.30
MEAL-0183,https://www.flickr.com/photos/89038631@N00/38585261084,🍽️,openverse,by-nd 2.0,"Talking some time out today and having a typical #lebanese #Christmas lunch with the family. #Turkey with #ouzi #rice and a cranberry gravy, Coquille St Jacques, prawn and avocado salad, some cold cuts and #pasta for the kids. The bigger the group, the mo"
MEAL-0441,https://www.flickr.com/photos/25802865@N08/28068030538,🍽️,openverse,by-nc-sa 2.0,Brown Rice Sushi Roll
MEAL-0256,https://www.flickr.com/photos/16469389@N00/8562436408,🍽️,openverse,by-nc-nd 2.0,Quinoa porridge
MEAL-0227,https://www.flickr.com/photos/27963141@N00/30366447985,🍽️,openverse,by 2.0,"Sunday Smoothie Bowl 🏆 with avocado, zucchini, banana, spinach, maca, he shou wu, @sunwarriortribe vanilla protein powder, homemade Brazil nut milk, topped with #cacaonibs, @purely_elizabeth blueberry granola, and cashew butter cause I ran 5+ mile"
MEAL-0258,https://www.flickr.com/photos/27410581@N07/21210302626,🍽️,openverse,by-sa 2.0,"evol Egg, Uncured Bacon & Cheese and Egg White, Veggies & Cheese Scramble Cups"
MEAL-0214,https://www.flickr.com/photos/48499796@N00/2368671558,🍽️,openverse,by-nc 2.0,Zeds Mushroom and Barley Soup
MEAL-0423,https://www.flickr.com/photos/10559879@N00/3165980272,🍽️,openverse,by-sa 2.0,Apple Crumble with Soy Cream - SoulMama AUD9.50 2
MEAL-0488,https://www.flickr.com/photos/49637589@N00/8415539588,🍽️,openverse,by-nc-nd 2.0,My extra delicious cherry banana protein smoothie in the best cup EVER.
MEAL-0281,https://www.flickr.com/photos/24669410@N00/24519849895,🍽️,openverse,by-nc-nd 2.0,Trying the Green Goddess Smoothie for the first time #gettingmyveggies #healthy2016
MEAL-0497,https://www.flickr.com/photos/10559879@N00/4068185888,🍽️,openverse,by-sa 2.0,Piatela Kreatika - Mixed Grill - Tsindos AUD27 for 1
MEAL-0458,https://www.flickr.com/photos/48600074651@N01/2208592572,🍽️,openverse,by-nc-nd 2.0,mezze plate
MEAL-0101,https://www.flickr.com/photos/90678392@N00/4212791690,🍽️,openverse,by 2.0,Xmas Eve dinner
MEAL-0133,https://www.flickr.com/photos/10559879@N00/6599871269,🍽️,openverse,by-nc-sa 2.0,Country Terrine Baguette insides - Depot de Pain AUD10.50
MEAL-0018,https://www.flickr.com/photos/33993074@N00/28549364325,🍽️,openverse,by 2.0,Beef and broccoli stir fry
MEAL-0448,https://www.flickr.com/photos/12670507@N02/3952453551,🍽️,openverse,by 2.0,messy thai bento
MEAL-0117,https://www.flickr.com/photos/10559879@N00/2570402918,🍽️,openverse,by-sa 2.0,Smoked Salmon and Avocado Croissant - Marmalade
MEAL-0379,https://www.flickr.com/photos/43321797@N06/5781628474,🍽️,openverse,by 2.0,IMG_1467
MEAL-0100,https://www.flickr.com/photos/10559879@N00/3165980272,🍽️,openverse,by-sa 2.0,Apple Crumble with Soy Cream - SoulMama AUD9.50 2
MEAL-0357,https://www.flickr.com/photos/10559879@N00/5413194446,🍽️,openverse,by-nc-sa 2.0,Vietnamese Pork Roll - artsy - Kennys Bakery SX Tower AUD5.70
MEAL-0071,https://www.flickr.com/photos/48524258@N00/8306365413,🍽️,openverse,by-sa 2.0,Prawns and avocado salad
MEAL-0052,https://www.flickr.com/photos/59109433@N00/6675736041,🍽️,openverse,by-nc-sa 2.0,Dinner at home
MEAL-0167,https://www.flickr.com/photos/10559879@N00/3106004073,🍽️,openverse,by-sa 2.0,"Chocolate Fondant with Jones Vanilla Bean Ice-Cream - baked to order - Jones The Grocer, Chadstone AUD10"
MEAL-0347,https://www.flickr.com/photos/22280677@N07/2696127625,🍽️,openverse,by-nd 2.0,Caramel Apple Goldrush
MEAL-0320,https://www.flickr.com/photos/104327456@N07/11976719595,🍽️,openverse,by 2.0,Savoury
MEAL-0324,https://www.flickr.com/photos/10559879@N00/3165977924,🍽️,openverse,by-sa 2.0,Vegetarianism stickers - Soulmama
MEAL-0280,https://www.flickr.com/photos/55370236@N07/5489097379,🍽️,openverse,by 2.0,Mar 03 2011 [Day 122] Bonus Bertie Botts Every Flavor Beans (Back)
MEAL-0095,https://www.flickr.com/photos/25788888@N00/7040028201,🍽️,openverse,by-nc-sa 2.0,Banana and walnut muffins
MEAL-0233,https://commons.wikimedia.org/w/index.php?curid=101990030,🍽️,openverse,by-sa 4.0,"Lemon and ginger tea with honey, Illiterati cafe, Dharamshala, Himachal Pradesh"
MEAL-0475,https://www.flickr.com/photos/57933561@N00/3207847978,🍽️,openverse,by-nc 2.0,Pie
MEAL-0145,https://www.flickr.com/photos/22508531@N08/33658529861,🍽️,openverse,by-nc 2.0,Greek yogurt parfait
MEAL-0344,https://www.flickr.com/photos/14125170@N02/24981144456,🍽️,openverse,by-nc-nd 2.0,Tablespoon Trail Mix
MEAL-0194,https://www.flickr.com/photos/10561980@N06/24395326265,🍽️,openverse,by-nc-sa 2.0,Lamb Koftas with Tabbouleh and Muhammara
MEAL-0399,https://www.flickr.com/photos/7633518@N08/52314501027,🍽️,openverse,by 2.0,Dungeness crab omelette with eggs benedict
MEAL-0009,https://commons.wikimedia.org/w/index.php?curid=141899616,🍽️,openverse,by-sa 4.0,YELLOW GINGER TEA WITH HONEY
MEAL-0153,https://www.flickr.com/photos/33277708@N00/9215131179,🍽️,openverse,by-nc-sa 2.0,Preschooler Turkey Roll-up Bento #472
MEAL-0349,https://www.flickr.com/photos/10559879@N00/29561394785,🍽️,openverse,by-nc 2.0,"Takeaway dinner for 4 with lamb, chicken, beef shashliks, Israeli salad, cabbage salad, chips from Tavlin AUD60, M.E.B. pita bread, Julias tahini dip"
MEAL-0396,https://www.flickr.com/photos/65299929@N00/3832034453,🍽️,openverse,by-nc 2.0,Smoke Salmon Bagel
MEAL-0362,https://www.flickr.com/photos/48496790@N00/5475532234,🍽️,openverse,by-nc-sa 2.0,Chicken Liver Pâté Crostini
MEAL-0490,https://www.flickr.com/photos/10559879@N00/924521466,🍽️,openverse,by-sa 2.0,Crispy Rice Cakes in Chinese-style Seafood Stir-fry - Horoki
MEAL-0348,https://www.flickr.com/photos/48973657@N00/8561267275,🍽️,openverse,by 2.0,“籃球 Basketball” / 男運動員 Men in Sports / SML.20130315.EOSM.03453.SQ
MEAL-0118,https://www.flickr.com/photos/99804259@N00/49808967101,🍽️,openverse,by-nc-sa 2.0,Beetroot & Berry Smoothie
MEAL-0255,https://commons.wikimedia.org/w/index.php?curid=82990158,🍽️,openverse,by-sa 2.0,Acai Berry Bowl (34046937903)
MEAL-0336,https://www.flickr.com/photos/18244673@N00/1582645106,🍽️,openverse,by 2.0,Pad Thai & Spicy Pork Basil
MEAL-0058,https://www.flickr.com/photos/15157510@N00/3976397449,🍽️,openverse,by-nc-nd 2.0,Winter Fuerza Salad
MEAL-0203,https://www.flickr.com/photos/33277708@N00/2474391376,🍽️,openverse,by-nc-sa 2.0,Egg tostada breakfast
MEAL-0307,https://www.flickr.com/photos/42217830@N00/8997647982,🍽️,openverse,by-nc-nd 2.0,Blue Crab Linguine..yummm
MEAL-0299,https://www.flickr.com/photos/9128415@N06/14437320298,🍽️,openverse,by-sa 2.0,Roasted beet and goat cheese salad
MEAL-0188,https://www.flickr.com/photos/26326001@N08/3407831672,🍽️,openverse,by 2.0,Crab and Corn Chowder
MEAL-0191,https://www.flickr.com/photos/36184554@N08/3395301637,🍽️,openverse,by-nc-nd 2.0,Roasted Chicken with Root Vegetables
MEAL-0278,https://www.flickr.com/photos/26414533@N00/4174737155,🍽️,openverse,by 2.0,Wagamama - Ebi Raisukaree
MEAL-0455,https://www.flickr.com/photos/26176646@N04/2910289363,🍽️,openverse,by 2.0,Corn Flake Cereal with Blueberries
MEAL-0337,https://www.flickr.com/photos/21001756@N06/3101152861,🍽️,openverse,by 2.0,iron boost!
MEAL-0146,https://www.flickr.com/photos/25977089@N00/8954742860,🍽️,openverse,by 2.0,Bento #347: Scrambled eggs
MEAL-0092,https://www.flickr.com/photos/46106852@N06/6867490470,🍽️,openverse,by-nd 2.0,Damian Allsop Dark Chocolate with Banana and Ginger Close Up
MEAL-0342,https://www.flickr.com/photos/150669121@N05/35568010936,🍽️,openverse,by-nc 2.0,Beetroot & Berry Smoothie
MEAL-0369,https://www.flickr.com/photos/13329406@N00/78925802,🍽️,openverse,by-nc-nd 2.0,"Greek Goat Yogurt Parfait: apples, oranges, blueberries, honey, and candied walnut crumbles."
MEAL-0335,https://www.flickr.com/photos/53687491@N00/3705683767,🍽️,openverse,by-nc-nd 2.0,Black Bean Enchiladas (Carnival Splendor)
MEAL-0346,https://www.flickr.com/photos/48600074651@N01/2208592572,🍽️,openverse,by-nc-nd 2.0,mezze plate
MEAL-0061,https://www.flickr.com/photos/36176156@N00/33243985894,🍽️,openverse,by-nc-sa 2.0,#kvpkitchen: Spinach and mushroom frittata with feta for #Easter dinner. NOM. #egglove #kvpinmybelly
MEAL-0075,https://www.flickr.com/photos/35468144810@N01/4228116293,🍽️,openverse,by 2.0,Happy New Year 2010
MEAL-0084,https://www.flickr.com/photos/58367355@N00/39821107045,🍽️,openverse,by 2.0,"One Pot Beef, Zucchini & Cashew Stir Fry-3"
MEAL-0005,https://www.flickr.com/photos/34948727@N00/13482783505,🍽️,openverse,by 2.0,Avocado on toast #2 at Touchwood in Richmond
MEAL-0105,https://www.flickr.com/photos/10559879@N00/6639348983,🍽️,openverse,by-nc-sa 2.0,Prawn Tempura sushi close-up - Purple Peanuts
MEAL-0177,https://www.flickr.com/photos/35034346243@N01/322686509,🍽️,openverse,by-sa 2.0,bacon peanut brittle
MEAL-0187,https://www.flickr.com/photos/10559879@N00/527692325,🍽️,openverse,by-sa 2.0,Antipasto - Il Fornaio
MEAL-0279,https://www.flickr.com/photos/21065622@N08/3119861609,🍽️,openverse,by-nc-sa 2.0,In-Suite Breakfast Experience - St. Regis Bali
MEAL-0019,https://www.flickr.com/photos/93172417@N00/7920872794,🍽️,openverse,by-nc-sa 2.0,Abalone and Sardine Salad
MEAL-0331,https://www.flickr.com/photos/58367355@N00/22183339546,🍽️,openverse,by 2.0,m3. Chickpea Stuffed Sweet Potato
MEAL-0139,https://www.flickr.com/photos/11540081@N05/6904203967,🍽️,openverse,by 2.0,Venison & Patridge
MEAL-0099,https://www.flickr.com/photos/94513428@N00/4971261854,🍽️,openverse,by 2.0,"Seriously, I Could Eat Chickpeas Everyday"
MEAL-0048,https://www.flickr.com/photos/45252847@N00/3184127003,🍽️,openverse,by-nc-sa 2.0,Joshuas lunch (still cooking in the wok)
MEAL-0468,https://www.flickr.com/photos/41541935@N00/4264859012,🍽️,openverse,by 2.0,peppery quinoa salad
MEAL-0010,https://www.flickr.com/photos/48600074651@N01/2208592572,🍽️,openverse,by-nc-nd 2.0,mezze plate
MEAL-0015,https://www.flickr.com/photos/142316264@N07/49374635212,🍽️,openverse,by-nc-nd 2.0,Italian Rice and Lentil with Kale soup
MEAL-0165,https://www.flickr.com/photos/13563401@N00/2640463445,🍽️,openverse,by-nc-nd 2.0,Dinner: July 5
MEAL-0266,https://www.flickr.com/photos/10559879@N00/923675633,🍽️,openverse,by-sa 2.0,Tofu and Avocado Salad topped with Tuna in Sesame Sauce - Horoki
MEAL-0489,https://www.flickr.com/photos/76185675@N00/211388711,🍽️,openverse,by-nc-nd 2.0,Turkey Roll-Ups
MEAL-0043,https://www.flickr.com/photos/43321797@N06/5781082073,🍽️,openverse,by 2.0,IMG_2008
MEAL-0273,https://www.flickr.com/photos/10559879@N00/4426756074,🍽️,openverse,by-sa 2.0,Mixed Lamb and Chicken Souvlaki - Stalactites AUD12
MEAL-0171,https://www.flickr.com/photos/14125170@N02/5233084696,🍽️,openverse,by-nc-nd 2.0,A Pile of Hemp Bars
MEAL-0217,https://www.flickr.com/photos/91387326@N00/5353090632,🍽️,openverse,by-nc-sa 2.0,black rice
MEAL-0318,https://www.flickr.com/photos/14125170@N02/15065809501,🍽️,openverse,by-nc-nd 2.0,Bauernbrot (German Farmers Bread)
MEAL-0397,https://www.flickr.com/photos/7927684@N03/5182567699,🍽️,openverse,by 2.0,Mmm...spinach feta frittata
MEAL-0479,https://commons.wikimedia.org/w/index.php?curid=83081030,🍽️,openverse,by 2.0,Acai berry bowl (42019112550)
MEAL-0252,https://www.flickr.com/photos/41143362@N00/14856600904,🍽️,openverse,by-nc-sa 2.0,White mussels with white wine sauce
MEAL-0300,https://www.flickr.com/photos/11510598@N07/5982729848,🍽️,openverse,by-nc-nd 2.0,dungeness crab & sweet corn chowder
MEAL-0288,https://www.flickr.com/photos/10559879@N00/2478490478,🍽️,openverse,by-sa 2.0,"HK Cart Noodles with 5-spice tofu, oyster mushroom, kailan - Dessert House AUD8.30"
MEAL-0070,https://www.flickr.com/photos/52984273@N00/4060313461,🍽️,openverse,by-nd 2.0,Look what was on sale!!!
MEAL-0179,https://www.flickr.com/photos/86491730@N00/2761681684,🍽️,openverse,by-nc 2.0,bento 8.13.08
MEAL-0389,https://www.flickr.com/photos/8693757@N06/585326604,🍽️,openverse,by-nc-nd 2.0,Giadas turkey meatballs
MEAL-0292,https://www.flickr.com/photos/54549113@N00/52689593144,🍽️,openverse,by-sa 2.0,The Half-Roasted Cauliflower - Megans Clapham Old Town
MEAL-0047,https://www.flickr.com/photos/34128007@N04/15950600202,🍽️,openverse,by 2.0,Chicken Caesar Salad
MEAL-0160,https://www.flickr.com/photos/73001770@N00/5909613360,🍽️,openverse,by-nc-sa 2.0,Prawn stir-fry
MEAL-0436,https://www.flickr.com/photos/10559879@N00/3165149987,🍽️,openverse,by-sa 2.0,Decor - Soulmama
MEAL-0285,https://www.flickr.com/photos/66606673@N00/295116703,🍽️,openverse,by-nc 2.0,Favorite Frittata!
MEAL-0158,https://www.flickr.com/photos/26978304@N08/5301744354,🍽️,openverse,by 2.0,Mixed Vegetables + Omelette + Honey Chicken @ Robina Town Centre
MEAL-0260,https://www.flickr.com/photos/65299929@N00/14612059803,🍽️,openverse,by 2.0,Morning with 3 cups
MEAL-0025,https://www.flickr.com/photos/10559879@N00/3474962633,🍽️,openverse,by-sa 2.0,Green Tea Crepe Layer Cake - Momotaro Rahmen AUD6 - by Julia
MEAL-0197,https://commons.wikimedia.org/w/index.php?curid=29756271,🍽️,openverse,by-sa 2.0,In suite breakfast experience (3119861609)
MEAL-0454,https://www.flickr.com/photos/12694964@N00/9834656685,🍽️,openverse,by-nc-sa 2.0,Beet & Berry Breakfast Smoothie
MEAL-0332,https://www.flickr.com/photos/18167978@N00/102429341,🍽️,openverse,by-nc 2.0,Wild Coho Salmon
MEAL-0338,https://www.flickr.com/photos/14125170@N02/27724382936,🍽️,openverse,by-nc-nd 2.0,Banana Chocolate Chippers
MEAL-0254,https://www.flickr.com/photos/83955435@N00/5290769601,🍽️,openverse,by-nc-sa 2.0,Year 5~Day 23 +359/365 AND Day 1484: Christmas Trip 2010 - Christmas Day
MEAL-0067,https://www.flickr.com/photos/88734797@N00/3821331953,🍽️,openverse,by-nc-nd 2.0,lunch for chubbette - 29 July 2009
MEAL-0207,https://www.flickr.com/photos/7158112@N04/4333119943,🍽️,openverse,by-nd 2.0,banana walnut honey wheat and oat muffins
MEAL-0029,https://www.flickr.com/photos/35766190@N08/7973915462,🍽️,openverse,by-nc-nd 2.0,Superfood Protein Pancakes
MEAL-0374,https://www.flickr.com/photos/93779577@N00/47932396862,🍽️,openverse,by-nc-nd 2.0,The Most Incredible Thing - Storyboard for a Fairy Tail 9269
MEAL-0085,https://www.flickr.com/photos/21065622@N08/3119861609,🍽️,openverse,by-nc-sa 2.0,In-Suite Breakfast Experience - St. Regis Bali
MEAL-0151,https://www.flickr.com/photos/72897141@N00/3386524720,🍽️,openverse,by 2.0,Simple dinner
MEAL-0240,https://www.flickr.com/photos/73584213@N00/52025309416,🍽️,openverse,by-nc-sa 2.0,Bird nest express lunch
MEAL-0080,https://www.flickr.com/photos/38505636@N00/4734268734,🍽️,openverse,by-nc-nd 2.0,Seared tuna steak with sesame crust
MEAL-0039,https://www.flickr.com/photos/82763263@N00/4466663332,🍽️,openverse,by-nd 2.0,y2.d83 | edamame
MEAL-0358,https://commons.wikimedia.org/w/index.php?curid=4357266,🍽️,openverse,by 3.0,Lamb-stew
MEAL-0108,https://www.flickr.com/photos/10559879@N00/14158036969,🍽️,openverse,by-nc-sa 2.0,"Thai green curry Australian salmon, broccoli, carrots, brown and jasmine rice - top"
MEAL-0180,https://www.flickr.com/photos/92873332@N00/3536431150,🍽️,openverse,by-nc 2.0,Yoghurt cake with pistachios
MEAL-0368,https://www.flickr.com/photos/58367355@N00/6290234606,🍽️,openverse,by 2.0,1 quinoa porridge
MEAL-0438,https://www.flickr.com/photos/68147320@N02/32190996127,🍽️,openverse,by 2.0,"Wild mushroom and barley soup | Smoked brisket bahn mi: baguette, smoked brisket, pickled daikon-carrot-cucumber, cilantro, chili dressing, garlic aioli"
MEAL-0293,https://www.flickr.com/photos/24841050@N00/3502673,🍽️,openverse,by-nc 2.0,energy ball
MEAL-0002,https://www.flickr.com/photos/14125170@N02/27146468914,🍽️,openverse,by-nc-nd 2.0,Banana Chocolate Chippers
MEAL-0249,https://www.flickr.com/photos/10559879@N00/2648979899,🍽️,openverse,by-sa 2.0,Tuna nigiri sushi - Sushiko
MEAL-0315,https://www.flickr.com/photos/9341577@N08/28894561207,🍽️,openverse,by-nc-nd 2.0,enchiladas de mole con pollo
MEAL-0326,https://commons.wikimedia.org/w/index.php?curid=87636544,🍽️,openverse,by 2.0,"Wild mushroom and barley soup - Smoked brisket bahn mi- baguette, smoked brisket, pickled daikon-carrot-cucumber, cilantro, chili dressing, garlic aioli"
MEAL-0150,https://www.flickr.com/photos/93779577@N00/47932396862,🍽️,openverse,by-nc-nd 2.0,The Most Incredible Thing - Storyboard for a Fairy Tail 9269
MEAL-0196,https://www.flickr.com/photos/93913731@N00/3943493333,🍽️,openverse,by-nc 2.0,"Dinner, fresh from the garden!"
MEAL-0425,https://www.flickr.com/photos/87924513@N06/8207130070,🍽️,openverse,by-nc-nd 2.0,Buckwheat flour cookies with chocolate
MEAL-0131,https://www.flickr.com/photos/26813293@N05/9568272720,🍽️,openverse,by-nc-sa 2.0,Sardine Salad
MEAL-0437,https://www.flickr.com/photos/90678392@N00/4212028563,🍽️,openverse,by 2.0,Xmas Eve dinner
MEAL-0190,https://www.flickr.com/photos/75604532@N00/2868221068,🍽️,openverse,by-nc 2.0,Oysters
MEAL-0056,https://www.flickr.com/photos/21065622@N08/4127908888,🍽️,openverse,by-nc-sa 2.0,Business Class Inflight Meal - Cathay Pacific
MEAL-0060,https://www.flickr.com/photos/125112383@N06/33532350855,🍽️,openverse,by 2.0,"Smoked Salmon & Bagel Chips Napoleon Style w/ Sour Cream - Sinclairs - Old Montreal, Canada"
MEAL-0296,https://www.flickr.com/photos/79685986@N00/5504217671,🍽️,openverse,by-nc-nd 2.0,"Pasta with Ham, Spinach, and Mushrooms with Walnut Pesto"
MEAL-0022,https://www.flickr.com/photos/34933544@N00/2362473985,🍽️,openverse,by-nc-sa 2.0,Dinner cooking
MEAL-0097,https://www.flickr.com/photos/68421420@N03/8180503972,🍽️,openverse,by-nc-nd 2.0,"Pumpkin and Greek Yogurt, with crumbled oat biscuit"
MEAL-0350,https://www.flickr.com/photos/49506223@N00/5483775957,🍽️,openverse,by-sa 2.0,breakfast sandwich
MEAL-0428,https://www.flickr.com/photos/46106852@N06/6867490456,🍽️,openverse,by-nd 2.0,Damian Allsop Dark Chocolate with Banana and Ginger On its own
MEAL-0051,https://www.flickr.com/photos/24236874@N00/3825391831,🍽️,openverse,by-sa 2.0,Chicken & Cashew Risotto
MEAL-0228,https://www.flickr.com/photos/49503179907@N01/5447381940,🍽️,openverse,by-nc-sa 2.0,"Breakfast, Lunch and Dinner"
MEAL-0283,https://www.flickr.com/photos/79759097@N00/4279926066,🍽️,openverse,by-nc-sa 2.0,Granola (Recipe)
MEAL-0312,https://www.flickr.com/photos/81933928@N00/239818168,🍽️,openverse,by-nc-sa 2.0,chickpea flour pancake
MEAL-0451,https://www.flickr.com/photos/27963141@N00/30436725175,🍽️,openverse,by 2.0,"A smoothie bowl a day keep the doctor away, I say. 💚This #greensmoothiebowl is packed with frozen spinach, avocado, frozen cauliflower (new addition!), zucchini, frozen banana, @drinkorgain vanilla protein powder, coconut milk, psyillium husk,"
MEAL-0223,https://www.flickr.com/photos/25128194@N02/4657126071,🍽️,openverse,by 2.0,Black Bean Enchilada with Soy Cheeze
MEAL-0246,https://www.flickr.com/photos/70323761@N00/5025253962,🍽️,openverse,by-nc-nd 2.0,NYC - 2010 Vendy Awards: Bistro Truck
MEAL-0380,https://www.flickr.com/photos/26993176@N08/6964135236,🍽️,openverse,by-nc-nd 2.0,tuna nicoise salad
MEAL-0185,https://www.flickr.com/photos/35468144810@N01/4228116293,🍽️,openverse,by 2.0,Happy New Year 2010
MEAL-0021,https://www.flickr.com/photos/10559879@N00/5413194254,🍽️,openverse,by-nc-sa 2.0,Vietnamese Pork Roll - Kennys Bakery SX Tower AUD5.70
MEAL-0378,https://www.flickr.com/photos/10559879@N00/1159076220,🍽️,openverse,by-sa 2.0,Mango Sponge Cake - Bread Top
MEAL-0304,https://www.flickr.com/photos/17152247@N00/16138317401,🍽️,openverse,by 2.0,Palm Restaurant
MEAL-0343,https://www.flickr.com/photos/73207064@N00/4455909737,🍽️,openverse,by 2.0,Honey Nut Cheerios Bowl
MEAL-0063,https://www.flickr.com/photos/10559879@N00/3236276918,🍽️,openverse,by-sa 2.0,蚝仔烙 Oyster Omelette - Easy East
MEAL-0405,https://www.flickr.com/photos/32127264@N08/4271163453,🍽️,openverse,by-nc-sa 2.0,Energy ball creates fire
MEAL-0130,https://www.flickr.com/photos/33993074@N00/28244896550,🍽️,openverse,by 2.0,Beef and broccoli stir fry
MEAL-0381,https://www.flickr.com/photos/35034361412@N01/2425387271,🍽️,openverse,by 2.0,Turkey something wrap at Pazzo
MEAL-0135,https://www.flickr.com/photos/10559879@N00/78758992,🍽️,openverse,by-sa 2.0,Julias Grandma
MEAL-0031,https://www.flickr.com/photos/80547277@N00/6828593967,🍽️,openverse,by-sa 2.0,Colombia: Amazon Jungle Tour - Day 2
MEAL-0290,https://www.flickr.com/photos/10559879@N00/24284949968,🍽️,openverse,by-nc 2.0,"Lamb, chicken shawarma with rice and tahini, cauliflower kale salads, chips - Oasis Bakery, Murrumbeena"
MEAL-0140,https://www.flickr.com/photos/14473831@N08/4283908218,🍽️,openverse,by-nc 2.0,PEI mussels in white wine sauce
MEAL-0221,https://www.flickr.com/photos/58972197@N00/7496235258,🍽️,openverse,by 2.0,#vegan #veggie #tagine #foodporn #brunch #tofu #chickpeas
MEAL-0301,https://www.flickr.com/photos/37799356@N05/4303589429,🍽️,openverse,by 2.0,"Chickpeas-rice salad with beans, scallions, carrots, pumpkin seeds"
MEAL-0444,https://www.flickr.com/photos/17152247@N00/10182899916,🍽️,openverse,by 2.0,All American Dave Food Truck at The Martin
MEAL-0201,https://www.flickr.com/photos/69583224@N05/47025617391,🍽️,openverse,by-nc-nd 2.0,Humans of South Chad
MEAL-0094,https://www.flickr.com/photos/14125170@N02/8656738898,🍽️,openverse,by-nc-nd 2.0,Gluten Free Cranberry - Citrus Muffins
MEAL-0138,https://www.flickr.com/photos/57293055@N00/4229977181,🍽️,openverse,by-nc-sa 2.0,Chicken Liver Pate with Crostini
MEAL-0371,https://www.flickr.com/photos/55205708@N00/6134066361,🍽️,openverse,by-nc-sa 2.0,Audubon Cottage
MEAL-0422,https://www.flickr.com/photos/10559879@N00/14792747403,🍽️,openverse,by-nc-sa 2.0,Breakfast menu - Autumn 2014 - Demitris Feast
MEAL-0044,https://www.flickr.com/photos/49503100307@N01/122421172,🍽️,openverse,by-nc-nd 2.0,tuna nicoise salad
MEAL-0208,https://www.flickr.com/photos/104327456@N07/11976636285,🍽️,openverse,by 2.0,The Cortile
MEAL-0264,https://www.flickr.com/photos/27963141@N00/10381285014,🍽️,openverse,by 2.0,"Back home with a spinach, banana, almond, cinnamon, protein smoothie x CC @hustleandkale"
MEAL-0017,https://www.flickr.com/photos/35903175@N02/4105752173,🍽️,openverse,by-sa 2.0,Curried chickpeas
MEAL-0174,https://www.flickr.com/photos/22798667@N00/5261834362,🍽️,openverse,by-nd 2.0,squash risotto
MEAL-0247,https://www.flickr.com/photos/43321797@N06/5781626468,🍽️,openverse,by 2.0,IMG_1297
MEAL-0459,https://www.flickr.com/photos/12052457@N06/2968917940,🍽️,openverse,by 2.0,Apple Pancake
MEAL-0170,https://www.flickr.com/photos/68147320@N02/19437954820,🍽️,openverse,by 2.0,"Avocado toast, watermelon radish, pumpkin seeds"
MEAL-0239,https://www.flickr.com/photos/45417981@N00/2639659067,🍽️,openverse,by-nc 2.0,Hill Street Farm CSA Week 8
MEAL-0164,https://www.flickr.com/photos/58533294@N00/7865279962,🍽️,openverse,by-nc-sa 2.0,Yotams full-of-herbs Thai fish cakes
MEAL-0321,https://www.flickr.com/photos/72767520@N08/12130257636,🍽️,openverse,by-sa 2.0,ugu blossom
MEAL-0154,https://www.flickr.com/photos/10559879@N00/3106832660,🍽️,openverse,by-sa 2.0,"Vue de Monde Smoked Salmon AUD18 per kg - Jones The Grocer, Chadstone"
MEAL-0012,https://www.flickr.com/photos/48973657@N00/8681324318,🍽️,openverse,by-nc 2.0,“海濱長跑 Promenade Run” / 體育之形 Sports Forms / SML.20130424.7D.39918
MEAL-0127,https://www.flickr.com/photos/45417981@N00/2627155916,🍽️,openverse,by-nc 2.0,Hill Street Farm CSA Week 7 Share
MEAL-0341,https://www.flickr.com/photos/34948727@N00/17554563303,🍽️,openverse,by 2.0,Poached eggs on toast with smoked salmon and avocado at Anvil Coffee Company in Artarmon
MEAL-0262,https://www.flickr.com/photos/93779577@N00/47932396862,🍽️,openverse,by-nc-nd 2.0,The Most Incredible Thing - Storyboard for a Fairy Tail 9269
MEAL-0305,https://www.flickr.com/photos/7440954@N05/441679763,🍽️,openverse,by 2.0,"Black bean, quinoa and mushrooms stuffed bell peppers"
MEAL-0401,https://www.flickr.com/photos/127294011@N07/16271536081,🍽️,openverse,by 2.0,oatmeal dates seeds nuts in bowls with a measuring scoop and a pitcher on a wood table
MEAL-0442,https://www.flickr.com/photos/25921029@N05/2722324276,🍽️,openverse,by 2.0,May Kaidee Vegetarian Restaurant メイケイディーのベジタリアンレストラン
MEAL-0045,https://www.flickr.com/photos/85508296@N00/3851751803,🍽️,openverse,by-nc-sa 2.0,The Seedling Cafe
MEAL-0330,https://www.flickr.com/photos/96466040@N00/388520777,🍽️,openverse,by 2.0,Indian Dinner
MEAL-0366,https://www.flickr.com/photos/34823437@N04/6425384787,🍽️,openverse,by 2.0,"Eggs scrambled in duck fat, with hickory smoked sea salt, Parmesan cheese, and pancetta leftover from Sundays turkey"
MEAL-0407,https://www.flickr.com/photos/10559879@N00/924500636,🍽️,openverse,by-sa 2.0,Ebi Mayo - Deep Fried Prawns in Sesame Mayonaise- Horoki
MEAL-0088,https://www.flickr.com/photos/47439204@N00/8118900781,🍽️,openverse,by-nc-sa 2.0,Chickpea flour pancakes with fenugreek
MEAL-0392,https://www.flickr.com/photos/48600074651@N01/97358689,🍽️,openverse,by-nc-nd 2.0,pietros seafood doria
MEAL-0340,https://www.flickr.com/photos/40656982@N00/7726007240,🍽️,openverse,by-nc-nd 2.0,"Spinach lentil soup, salad, Laban and juice. Breakfast 6.8.12 (Ramadan 18)"
MEAL-0234,https://www.flickr.com/photos/48600074651@N01/2208592572,🍽️,openverse,by-nc-nd 2.0,mezze plate
MEAL-0114,https://www.flickr.com/photos/14125170@N02/27724382936,🍽️,openverse,by-nc-nd 2.0,Banana Chocolate Chippers
MEAL-0297,https://www.flickr.com/photos/10559879@N00/798712484,🍽️,openverse,by-sa 2.0,"300g Rib-Eye on the bone - Squires Loft, South Yarra"
MEAL-0081,https://www.flickr.com/photos/51671102@N04/5572057656,🍽️,openverse,by 2.0,Stuffed Bell Peppers in a Pot
MEAL-0492,https://www.flickr.com/photos/72646730@N00/5873465523,🍽️,openverse,by-nc-nd 2.0,Tuna Nicoise Salad @ Markt Restaurant
MEAL-0037,https://www.flickr.com/photos/34735031@N00/1015165922,🍽️,openverse,by-nc-nd 2.0,tingting at google 8-02-07
