meal_id,image_url
MEAL-0094,https://live.staticflickr.com/8114/8656738898_8c586ccab2_b.jpg
MEAL-0138,https://live.staticflickr.com/2637/4229977181_2a91df1164_b.jpg
MEAL-0371,https://live.staticflickr.com/6198/6134066361_d963dddce8_b.jpg
MEAL-0422,https://live.staticflickr.com/5572/14792747403_39b89d94a4_z.jpg
MEAL-0044,https://live.staticflickr.com/34/122421172_7662c326f1_b.jpg
MEAL-0208,https://live.staticflickr.com/3711/11976636285_fd1e09a4cc_b.jpg
MEAL-0264,https://live.staticflickr.com/3708/10381285014_8a54b92453_z.jpg
MEAL-0017,https://live.staticflickr.com/2793/4105752173_702848e0fb_b.jpg
MEAL-0174,https://live.staticflickr.com/5249/5261834362_5a7bd00409_b.jpg
MEAL-0247,https://live.staticflickr.com/5303/5781626468_e5ef5abda9_z.jpg
MEAL-0459,https://live.staticflickr.com/3208/2968917940_4b7e8608c1_z.jpg
MEAL-0170,https://live.staticflickr.com/416/19437954820_67a96f2e3a_b.jpg
MEAL-0239,https://live.staticflickr.com/3109/2639659067_fe0a3a3c82_b.jpg
MEAL-0164,https://live.staticflickr.com/8306/7865279962_860f4234fe_b.jpg
MEAL-0321,https://live.staticflickr.com/5544/12130257636_f770e140c3_b.jpg
MEAL-0154,https://live.staticflickr.com/3198/3106832660_3315f41ec0_b.jpg
MEAL-0012,https://live.staticflickr.com/8523/8681324318_ba8f6f4752_b.jpg
MEAL-0127,https://live.staticflickr.com/3188/2627155916_256fb8c942_b.jpg
MEAL-0341,https://live.staticflickr.com/7773/17554563303_0b75045529_b.jpg
MEAL-0262,https://live.staticflickr.com/65535/47932396862_8f08f6ba30_b.jpg
MEAL-0305,https://live.staticflickr.com/200/441679763_7d52e59aa0_z.jpg
MEAL-0401,https://live.staticflickr.com/7499/16271536081_e3a15feefd_b.jpg
MEAL-0442,https://live.staticflickr.com/3230/2722324276_117c334654_b.jpg
MEAL-0045,https://live.staticflickr.com/2627/3851751803_28edba22fc_z.jpg
MEAL-0330,https://live.staticflickr.com/147/388520777_dbf3994ab6_z.jpg
MEAL-0366,https://live.staticflickr.com/7142/6425384787_5370251912_z.jpg
MEAL-0407,https://live.staticflickr.com/1122/924500636_829ce3e25d_b.jpg
MEAL-0088,https://live.staticflickr.com/8330/8118900781_60a1daba6e_b.jpg
MEAL-0392,https://live.staticflickr.com/38/97358689_05cbc9f720_z.jpg
MEAL-0340,https://live.staticflickr.com/8434/7726007240_3544778103_z.jpg
MEAL-0234,https://live.staticflickr.com/2010/2208592572_7e21ee9860_z.jpg
MEAL-0114,https://live.staticflickr.com/7479/27724382936_16623c54ec_b.jpg
MEAL-0297,https://live.staticflickr.com/1105/798712484_92d6ba4b81_b.jpg
MEAL-0081,https://live.staticflickr.com/5147/5572057656_b00e2c85bc_b.jpg
MEAL-0492,https://live.staticflickr.com/5063/5873465523_9ae7bcc04d_z.jpg
MEAL-0037,https://live.staticflickr.com/1005/1015165922_2204f7b6e6_b.jpg
MEAL-0126,https://live.staticflickr.com/7015/6484342913_cd02b3714e_b.jpg
MEAL-0373,https://live.staticflickr.com/2/2504053_ce8a470e81_b.jpg
MEAL-0498,https://live.staticflickr.com/5219/5724595231_30e4f01899_b.jpg
MEAL-0143,https://live.staticflickr.com/4203/34046937903_4555fa7c2e_b.jpg
MEAL-0364,https://live.staticflickr.com/206/479859533_3f6aed2dc2_b.jpg
MEAL-0222,https://live.staticflickr.com/5249/5261834362_5a7bd00409_b.jpg
MEAL-0192,https://live.staticflickr.com/2680/4373650620_c90196e00b_b.jpg
MEAL-0166,https://live.staticflickr.com/22/33743078_3e1707311a_b.jpg
MEAL-0186,https://live.staticflickr.com/7002/6804619957_f0506711e5_b.jpg
MEAL-0128,https://live.staticflickr.com/65535/52025345478_b5d3a40b70_b.jpg
MEAL-0449,https://live.staticflickr.com/3238/3101152861_a7ea9baa77_b.jpg
MEAL-0413,https://live.staticflickr.com/4041/4303589583_e62e901480_b.jpg
MEAL-0433,https://live.staticflickr.com/5544/12130257636_f770e140c3_b.jpg
MEAL-0199,https://live.staticflickr.com/8007/7450336980_545c64b269_b.jpg
MEAL-0306,https://live.staticflickr.com/3435/3930450155_a16d57e4af_b.jpg
MEAL-0319,https://live.staticflickr.com/3575/3324731187_a22eeb2cb8_b.jpg
MEAL-0493,https://live.staticflickr.com/1443/24577111299_1427971600_z.jpg
MEAL-0006,https://live.staticflickr.com/3804/9834656685_b27a99e565_b.jpg
MEAL-0215,https://live.staticflickr.com/7238/7304112900_5bb41ae2c9_b.jpg
MEAL-0439,https://live.staticflickr.com/2178/2703250660_6eff9c9a97_b.jpg
MEAL-0232,https://live.staticflickr.com/2038/1812904527_9edb479520_b.jpg
MEAL-0110,https://live.staticflickr.com/2849/9505328653_19163aaa2c_b.jpg
MEAL-0176,https://live.staticflickr.com/53/119562511_07a2e5ad86_z.jpg
MEAL-0470,https://live.staticflickr.com/4096/5436056210_f627e22535_b.jpg
MEAL-0474,https://live.staticflickr.com/2637/4229977181_2a91df1164_b.jpg
MEAL-0391,https://live.staticflickr.com/2062/2461258704_03d5d227ef_b.jpg
MEAL-0486,https://live.staticflickr.com/65535/47932396862_8f08f6ba30_b.jpg
MEAL-0414,https://live.staticflickr.com/1005/1015165922_2204f7b6e6_b.jpg
MEAL-0123,https://live.staticflickr.com/2456/4076342797_9f3d3c85fc_b.jpg
MEAL-0417,https://live.staticflickr.com/2060/2062827119_6b00188e28_z.jpg
MEAL-0184,https://live.staticflickr.com/8233/8503579917_5b3440778d_b.jpg
MEAL-0412,https://live.staticflickr.com/88/242033260_2af1b49581_b.jpg
MEAL-0008,https://live.staticflickr.com/8379/8521975756_605cd1cfed_z.jpg
MEAL-0024,https://live.staticflickr.com/8458/7988805228_c29460096d_b.jpg
MEAL-0090,https://live.staticflickr.com/4038/4256980294_82562794df_b.jpg
MEAL-0353,https://live.staticflickr.com/2499/3801341675_8d0df40ed1_b.jpg
MEAL-0007,https://live.staticflickr.com/3840/14315305559_e8c96a8f1b_b.jpg
MEAL-0202,https://live.staticflickr.com/4038/4256980294_82562794df_b.jpg
MEAL-0286,https://live.staticflickr.com/94/272226395_ba5857f480_b.jpg
MEAL-0303,https://live.staticflickr.com/4103/5083011334_d3d8df8a6c_b.jpg
MEAL-0406,https://live.staticflickr.com/686/23570890441_4dcc3cc168_b.jpg
MEAL-0078,https://live.staticflickr.com/7044/7107891675_0cd0012efa_b.jpg
MEAL-0398,https://live.staticflickr.com/117/284901102_110774a7e0_b.jpg
MEAL-0028,https://live.staticflickr.com/3580/5825060226_5ef95feeba_b.jpg
MEAL-0248,https://live.staticflickr.com/8033/7988804974_dd98ec94c8_b.jpg
MEAL-0452,https://live.staticflickr.com/6059/6429250451_5b148fddb1_b.jpg
MEAL-0395,https://live.staticflickr.com/5206/5222037005_f69d178e4f_b.jpg
MEAL-0466,https://live.staticflickr.com/7528/27932366904_988b4afb20_b.jpg
MEAL-0036,https://live.staticflickr.com/2801/4186788170_45866a438a_b.jpg
MEAL-0172,https://live.staticflickr.com/4029/4250906232_f159d5bc62_b.jpg
MEAL-0431,https://live.staticflickr.com/1326/1449267379_1b68fd82e7_b.jpg
MEAL-0434,https://live.staticflickr.com/5552/15015204887_d185fc725f_b.jpg
MEAL-0238,https://live.staticflickr.com/2389/1698073179_803eb07f11_b.jpg
MEAL-0484,https://live.staticflickr.com/5173/5414724912_4dc7b69cda_b.jpg
MEAL-0038,https://live.staticflickr.com/65535/47932396862_8f08f6ba30_b.jpg
MEAL-0122,https://live.staticflickr.com/2010/2208592572_7e21ee9860_z.jpg
MEAL-0328,https://live.staticflickr.com/5260/5447242217_58dcac8220_b.jpg
MEAL-0496,https://live.staticflickr.com/174/384066025_287cf2ae8e_b.jpg
MEAL-0206,https://live.staticflickr.com/8112/8655637841_253b52d5c1_b.jpg
MEAL-0426,https://live.staticflickr.com/4038/4256980294_82562794df_b.jpg
MEAL-0271,https://live.staticflickr.com/4140/4827564609_c5d6158507_z.jpg
MEAL-0482,https://live.staticflickr.com/8232/8427438330_13848143bd_b.jpg
MEAL-0259,https://live.staticflickr.com/7210/6989190079_9c6167fb97_b.jpg
MEAL-0270,https://live.staticflickr.com/4040/4448026353_e9873e8361_z.jpg
MEAL-0275,https://live.staticflickr.com/2056/2451698355_e09b944306_b.jpg
MEAL-0049,https://live.staticflickr.com/3024/3014257435_886f349c8e_b.jpg
MEAL-0472,https://live.staticflickr.com/8458/7988805228_c29460096d_b.jpg
MEAL-0456,https://live.staticflickr.com/5127/5374622042_7f02e0894d_b.jpg
MEAL-0457,https://live.staticflickr.com/6070/6044181576_ff005ca9f3_b.jpg
MEAL-0141,https://live.staticflickr.com/8298/7856250938_52c8f217be_z.jpg
MEAL-0476,https://live.staticflickr.com/3157/5824500453_79ef8a4af2_b.jpg
MEAL-0241,https://live.staticflickr.com/3238/3096831441_014959cb8f_z.jpg
MEAL-0291,https://live.staticflickr.com/3583/3508349421_dcf66289a2_b.jpg
MEAL-0026,https://live.staticflickr.com/4032/4337046590_fa34876509_b.jpg
MEAL-0074,https://live.staticflickr.com/1302/597071067_a00368a90a_b.jpg
MEAL-0282,https://live.staticflickr.com/4008/4482626323_ac74f4f171_b.jpg
MEAL-0225,https://live.staticflickr.com/3238/3101152861_a7ea9baa77_b.jpg
MEAL-0435,https://live.staticflickr.com/65535/48727696123_70f5a11d32_z.jpg
MEAL-0087,https://live.staticflickr.com/1143/3165974356_cde86f2712_b.jpg
MEAL-0091,https://live.staticflickr.com/3831/10366206283_ea09114f8e_b.jpg
MEAL-0322,https://live.staticflickr.com/3687/9327916493_c7ec8eef65_b.jpg
MEAL-0447,https://live.staticflickr.com/4005/4657126057_e0d9013332_b.jpg
MEAL-0169,https://live.staticflickr.com/7162/6765262679_f6eaecdbde_z.jpg
MEAL-0409,https://live.staticflickr.com/3831/8921443138_7f88b05b35_b.jpg
MEAL-0308,https://live.staticflickr.com/4798/40716394251_215183ff25_b.jpg
MEAL-0410,https://live.staticflickr.com/5065/5871679136_7cb79fa4b2_b.jpg
MEAL-0163,https://live.staticflickr.com/3191/2760563800_ec0fe53188_n.jpg
MEAL-0079,https://live.staticflickr.com/4112/4981113116_95892f1c06_b.jpg
MEAL-0236,https://live.staticflickr.com/7140/7583363228_d7d13984d4_b.jpg
MEAL-0231,https://live.staticflickr.com/4044/4268971800_b07efd50b7_b.jpg
MEAL-0055,https://live.staticflickr.com/3109/3106837398_806b48115f_b.jpg
MEAL-0388,https://live.staticflickr.com/65535/49859071938_8c9373b85b_b.jpg
MEAL-0467,https://live.staticflickr.com/5523/30882319076_8b83b7be44_b.jpg
MEAL-0267,https://live.staticflickr.com/3314/5781080649_8243222e48_z.jpg
MEAL-0250,https://live.staticflickr.com/7052/6960801370_e099183d18_b.jpg
MEAL-0096,https://live.staticflickr.com/3712/11977157963_0fce617aef_b.jpg
MEAL-0109,https://live.staticflickr.com/3597/3697198543_7be1180b72_b.jpg
MEAL-0376,https://live.staticflickr.com/4184/34366722490_86518e3d59_b.jpg
MEAL-0310,https://live.staticflickr.com/169/401225662_9b5558acd5_b.jpg
MEAL-0384,https://live.staticflickr.com/3290/2663051639_a9a5ff56c1_b.jpg
MEAL-0445,https://live.staticflickr.com/2788/4318374282_666e8015a7_b.jpg
MEAL-0235,https://live.staticflickr.com/2605/4077098570_74f03fa40e_b.jpg
MEAL-0420,https://live.staticflickr.com/4799/38906268550_548a9a045c_b.jpg
MEAL-0268,https://live.staticflickr.com/2442/3732510095_f4100fb0b1_b.jpg
MEAL-0265,https://live.staticflickr.com/4136/4753201288_ee04e62df2_b.jpg
MEAL-0204,https://live.staticflickr.com/7255/7013601803_fa00967ae3.jpg
MEAL-0404,https://live.staticflickr.com/2068/3536431150_028c3ee3b0_z.jpg
MEAL-0113,https://live.staticflickr.com/3238/3101152861_a7ea9baa77_b.jpg
MEAL-0111,https://live.staticflickr.com/4042/4657126081_e8c98b679d_b.jpg
MEAL-0419,https://live.staticflickr.com/7022/6622539097_ff92a8ba67_b.jpg
MEAL-0162,https://live.staticflickr.com/6149/5959134033_9503728d1d_b.jpg
MEAL-0284,https://live.staticflickr.com/2534/3832034493_1ae4e7e231_z.jpg
MEAL-0478,https://live.staticflickr.com/7142/6425384787_5370251912_z.jpg
MEAL-0500,https://live.staticflickr.com/65535/49859080413_5c4084014a_b.jpg
MEAL-0076,https://live.staticflickr.com/6009/5982169067_403ce2a03d_b.jpg
MEAL-0411,https://live.staticflickr.com/3916/14643870473_c1cda3b666_b.jpg
MEAL-0464,https://live.staticflickr.com/65535/52978050225_9c3f51ea5d_b.jpg
MEAL-0035,https://live.staticflickr.com/5805/22037399151_f113b95501_b.jpg
MEAL-0385,https://live.staticflickr.com/4033/4218994418_ab4b6ce78a_b.jpg
MEAL-0068,https://live.staticflickr.com/4123/4822392263_b7d7b33a09_b.jpg
MEAL-0327,https://live.staticflickr.com/184/425629098_194fe9def9_b.jpg
MEAL-0446,https://live.staticflickr.com/2769/4070875085_3685bcea19_b.jpg
MEAL-0372,https://live.staticflickr.com/4750/40434084621_870b0fb0bf_b.jpg
MEAL-0403,https://live.staticflickr.com/4051/4691213109_630383e847_b.jpg
MEAL-0339,https://live.staticflickr.com/3889/33343287432_33e2f0d80c_b.jpg
MEAL-0311,https://live.staticflickr.com/1282/1178691437_1a188728c3_b.jpg
MEAL-0408,https://live.staticflickr.com/376/20306395259_ced1a86836_b.jpg
MEAL-0198,https://live.staticflickr.com/6107/6258462493_8b34c1fd79_b.jpg
MEAL-0390,https://live.staticflickr.com/3036/2597730170_93057505c3_b.jpg
MEAL-0103,https://live.staticflickr.com/7238/7304112900_5bb41ae2c9_b.jpg
MEAL-0115,https://live.staticflickr.com/8688/28539932325_8009577ced_b.jpg
MEAL-0212,https://live.staticflickr.com/1143/3165974356_cde86f2712_b.jpg
MEAL-0030,https://live.staticflickr.com/3888/14382929810_bcbb72347a_b.jpg
MEAL-0102,https://live.staticflickr.com/3257/3167892429_493f3b81c9_b.jpg
MEAL-0237,https://live.staticflickr.com/4498/37213008770_cdba7d1196_b.jpg
MEAL-0471,https://live.staticflickr.com/3124/3106004073_8515b5d150_b.jpg
MEAL-0495,https://live.staticflickr.com/75/197509537_ab0b15fb94_b.jpg
MEAL-0317,https://live.staticflickr.com/1928/31790853818_d3cefc1076_b.jpg
MEAL-0309,https://live.staticflickr.com/2859/12413074633_aa52d01cbf_z.jpg
MEAL-0499,https://live.staticflickr.com/2788/4318374282_666e8015a7_b.jpg
MEAL-0218,https://live.staticflickr.com/3039/2890671499_733b807ea5_b.jpg
MEAL-0229,https://live.staticflickr.com/7594/17175347482_440b47f376_b.jpg
MEAL-0003,https://live.staticflickr.com/416/32659002806_1503de926b_b.jpg
MEAL-0269,https://live.staticflickr.com/2654/5826319228_ae8634b746_b.jpg
MEAL-0394,https://live.staticflickr.com/2240/2027826717_4e115beeca_z.jpg
MEAL-0041,https://live.staticflickr.com/5488/9268863533_a4926a5afd_b.jpg
MEAL-0156,https://live.staticflickr.com/8011/7110207215_0d58c2b281_b.jpg
MEAL-0400,https://live.staticflickr.com/3079/2477681667_b34cb9d63e_b.jpg
MEAL-0183,https://live.staticflickr.com/4729/38585261084_acb7fdae44_b.jpg
MEAL-0441,https://live.staticflickr.com/906/28068030538_9dcc7a31c0_b.jpg
MEAL-0256,https://live.staticflickr.com/8112/8562436408_5159f581ee_z.jpg
MEAL-0227,https://live.staticflickr.com/5579/30366447985_d07e4f5833_b.jpg
MEAL-0258,https://live.staticflickr.com/5735/21210302626_08ebd9f117_z.jpg
MEAL-0214,https://live.staticflickr.com/2279/2368671558_cc8234c6c9_b.jpg
MEAL-0423,https://live.staticflickr.com/1033/3165980272_d27cec5d79_b.jpg
MEAL-0488,https://live.staticflickr.com/8327/8415539588_c182ec7dc4_b.jpg
MEAL-0281,https://live.staticflickr.com/1704/24519849895_ca42b820b2_b.jpg
MEAL-0497,https://live.staticflickr.com/2670/4068185888_a73b2ff39c_b.jpg
MEAL-0458,https://live.staticflickr.com/2010/2208592572_7e21ee9860_z.jpg
MEAL-0101,https://live.staticflickr.com/4018/4212791690_1ae6b1a8d2_b.jpg
MEAL-0133,https://live.staticflickr.com/7033/6599871269_1203b8b68f_b.jpg
MEAL-0018,https://live.staticflickr.com/8668/28549364325_a099455f94_b.jpg
MEAL-0448,https://live.staticflickr.com/2656/3952453551_3dcc931f90_b.jpg
MEAL-0117,https://live.staticflickr.com/3162/2570402918_37443dc2c1_b.jpg
MEAL-0379,https://live.staticflickr.com/5023/5781628474_678a4b79ca_z.jpg
MEAL-0100,https://live.staticflickr.com/1033/3165980272_d27cec5d79_b.jpg
MEAL-0357,https://live.staticflickr.com/5053/5413194446_dfd16cc303_b.jpg
MEAL-0071,https://live.staticflickr.com/8361/8306365413_36745879bc_b.jpg
MEAL-0052,https://live.staticflickr.com/7020/6675736041_aeed7e54fc_b.jpg
MEAL-0167,https://live.staticflickr.com/3124/3106004073_8515b5d150_b.jpg
MEAL-0347,https://live.staticflickr.com/2220/2696127625_aa4e9362bf_b.jpg
MEAL-0320,https://live.staticflickr.com/5541/11976719595_3c1607c5c6_b.jpg
MEAL-0324,https://live.staticflickr.com/3078/3165977924_f0654660cc_b.jpg
MEAL-0280,https://live.staticflickr.com/5175/5489097379_6d6fa8c6d7_b.jpg
MEAL-0095,https://live.staticflickr.com/7279/7040028201_c792d49705_b.jpg
MEAL-0475,https://live.staticflickr.com/3331/3207847978_6a010a630d_b.jpg
MEAL-0145,https://live.staticflickr.com/2935/33658529861_f4d2bb3be1_b.jpg
MEAL-0344,https://live.staticflickr.com/1492/24981144456_8b0c2382a2_b.jpg
MEAL-0194,https://live.staticflickr.com/1663/24395326265_6d9e267157_z.jpg
MEAL-0399,https://live.staticflickr.com/65535/52314501027_c092d184a2_b.jpg
MEAL-0153,https://live.staticflickr.com/7317/9215131179_099fb71aef_b.jpg
MEAL-0349,https://live.staticflickr.com/8192/29561394785_6f9f9f4a47_b.jpg
MEAL-0396,https://live.staticflickr.com/3439/3832034453_9cb4bf65bb_z.jpg
MEAL-0362,https://live.staticflickr.com/5020/5475532234_c5285d28d6_b.jpg
MEAL-0490,https://live.staticflickr.com/1274/924521466_8633ea919b_b.jpg
MEAL-0348,https://live.staticflickr.com/8523/8561267275_1f2856f175_b.jpg
MEAL-0118,https://live.staticflickr.com/65535/49808967101_8be1aeb67d_b.jpg
MEAL-0336,https://live.staticflickr.com/2404/1582645106_be6665b9c3_b.jpg
MEAL-0058,https://live.staticflickr.com/2513/3976397449_481b238639_b.jpg
MEAL-0203,https://live.staticflickr.com/3166/2474391376_9e73ce3b50_b.jpg
MEAL-0307,https://live.staticflickr.com/7332/8997647982_85dc06671b_b.jpg
MEAL-0299,https://live.staticflickr.com/2908/14437320298_8fede62140_b.jpg
MEAL-0188,https://live.staticflickr.com/3611/3407831672_3cddd6da6a_z.jpg
MEAL-0191,https://live.staticflickr.com/3460/3395301637_3c9e93cf42_b.jpg
MEAL-0278,https://live.staticflickr.com/2643/4174737155_956b4a94bb_b.jpg
MEAL-0455,https://live.staticflickr.com/3172/2910289363_10fecf518f_z.jpg
MEAL-0337,https://live.staticflickr.com/3238/3101152861_a7ea9baa77_b.jpg
MEAL-0146,https://live.staticflickr.com/7412/8954742860_c5f48c4107_b.jpg
MEAL-0092,https://live.staticflickr.com/7081/6867490470_d92ebfb403.jpg
MEAL-0342,https://live.staticflickr.com/4258/35568010936_71e1b3f8de_b.jpg
MEAL-0369,https://live.staticflickr.com/39/78925802_59144fb054_b.jpg
MEAL-0335,https://live.staticflickr.com/2488/3705683767_bd88675431_b.jpg
MEAL-0346,https://live.staticflickr.com/2010/2208592572_7e21ee9860_z.jpg
MEAL-0061,https://live.staticflickr.com/2943/33243985894_de749506ea_b.jpg
MEAL-0075,https://live.staticflickr.com/2607/4228116293_61bf2426e2_b.jpg
MEAL-0084,https://live.staticflickr.com/4790/39821107045_05bc5e32ba_b.jpg
MEAL-0005,https://live.staticflickr.com/3695/13482783505_dd76e996d0_b.jpg
MEAL-0105,https://live.staticflickr.com/7149/6639348983_2f02cee400_b.jpg
MEAL-0177,https://live.staticflickr.com/126/322686509_c335e735f9_b.jpg
MEAL-0187,https://live.staticflickr.com/1212/527692325_62dcf466e7_b.jpg
MEAL-0279,https://live.staticflickr.com/3251/3119861609_00536a184f_z.jpg
MEAL-0019,https://live.staticflickr.com/8314/7920872794_4c0496de55_b.jpg
MEAL-0331,https://live.staticflickr.com/5654/22183339546_5b6fe30c09_b.jpg
MEAL-0139,https://live.staticflickr.com/7048/6904203967_c2cc1acd2e_b.jpg
MEAL-0099,https://live.staticflickr.com/4133/4971261854_c89be99e22_b.jpg
MEAL-0048,https://live.staticflickr.com/3471/3184127003_032de6ce6e_b.jpg
MEAL-0468,https://live.staticflickr.com/4038/4264859012_828535ec6c_b.jpg
MEAL-0010,https://live.staticflickr.com/2010/2208592572_7e21ee9860_z.jpg
MEAL-0015,https://live.staticflickr.com/65535/49374635212_f7ca2ed9c9_b.jpg
MEAL-0165,https://live.staticflickr.com/3093/2640463445_e50aea0191_b.jpg
MEAL-0266,https://live.staticflickr.com/1265/923675633_7e5fa38ee1_b.jpg
MEAL-0489,https://live.staticflickr.com/64/211388711_950be09bf4_b.jpg
MEAL-0043,https://live.staticflickr.com/3160/5781082073_53fd4fd573_z.jpg
MEAL-0273,https://live.staticflickr.com/4010/4426756074_8f3b735373_b.jpg
MEAL-0171,https://live.staticflickr.com/5202/5233084696_effc4bf2f9_b.jpg
MEAL-0217,https://live.staticflickr.com/5202/5353090632_994371690e_b.jpg
MEAL-0318,https://live.staticflickr.com/5562/15065809501_b86737a6d2_b.jpg
MEAL-0397,https://live.staticflickr.com/4124/5182567699_14a9edcda5_b.jpg
MEAL-0252,https://live.staticflickr.com/3860/14856600904_59404135c4_z.jpg
MEAL-0300,https://live.staticflickr.com/6143/5982729848_a70e18d8d6_b.jpg
MEAL-0288,https://live.staticflickr.com/2110/2478490478_fa9af9d20e_b.jpg
MEAL-0070,https://live.staticflickr.com/2652/4060313461_fe7f8307e6_b.jpg
MEAL-0179,https://live.staticflickr.com/3082/2761681684_8045c8c65a_b.jpg
MEAL-0389,https://live.staticflickr.com/1229/585326604_c5ab711027_b.jpg
MEAL-0292,https://live.staticflickr.com/65535/52689593144_ff0aee1680_b.jpg
MEAL-0047,https://live.staticflickr.com/8583/15950600202_917bb2f0dc_b.jpg
MEAL-0160,https://live.staticflickr.com/5317/5909613360_57b8d4536f_b.jpg
MEAL-0436,https://live.staticflickr.com/1132/3165149987_5d193d5c01_b.jpg
MEAL-0285,https://live.staticflickr.com/109/295116703_aea0f9fe77_b.jpg
MEAL-0158,https://live.staticflickr.com/5244/5301744354_16ffb9cbf0_b.jpg
MEAL-0260,https://live.staticflickr.com/3859/14612059803_786b4195dc_b.jpg
MEAL-0025,https://live.staticflickr.com/3635/3474962633_84eaa932d1_b.jpg
MEAL-0454,https://live.staticflickr.com/3804/9834656685_b27a99e565_b.jpg
MEAL-0332,https://live.staticflickr.com/40/102429341_1032037e47_z.jpg
MEAL-0338,https://live.staticflickr.com/7479/27724382936_16623c54ec_b.jpg
MEAL-0254,https://live.staticflickr.com/5046/5290769601_2ea031f820_b.jpg
MEAL-0067,https://live.staticflickr.com/2425/3821331953_cf32bca552_b.jpg
MEAL-0207,https://live.staticflickr.com/2683/4333119943_a4810bedce_b.jpg
MEAL-0029,https://live.staticflickr.com/8301/7973915462_49dcf6fb2e_z.jpg
MEAL-0374,https://live.staticflickr.com/65535/47932396862_8f08f6ba30_b.jpg
MEAL-0085,https://live.staticflickr.com/3251/3119861609_00536a184f_z.jpg
MEAL-0151,https://live.staticflickr.com/3588/3386524720_0027300c44_b.jpg
MEAL-0240,https://live.staticflickr.com/65535/52025309416_76dc4f4b45_b.jpg
MEAL-0080,https://live.staticflickr.com/1084/4734268734_25c7c26d4e_b.jpg
MEAL-0039,https://live.staticflickr.com/4065/4466663332_0d349dc291_b.jpg
MEAL-0108,https://live.staticflickr.com/3904/14158036969_a59b7af03a_b.jpg
MEAL-0180,https://live.staticflickr.com/2068/3536431150_028c3ee3b0_z.jpg
MEAL-0368,https://live.staticflickr.com/6032/6290234606_01f399a0cf_b.jpg
MEAL-0438,https://live.staticflickr.com/7853/32190996127_6fc7c127b8_b.jpg
MEAL-0293,https://live.staticflickr.com/1/3502673_a8348e9d8d_b.jpg
MEAL-0002,https://live.staticflickr.com/7445/27146468914_fa7a934d37_b.jpg
MEAL-0249,https://live.staticflickr.com/3054/2648979899_8319b87fcb_b.jpg
MEAL-0315,https://live.staticflickr.com/857/28894561207_9cfa0104fb_b.jpg
MEAL-0150,https://live.staticflickr.com/65535/47932396862_8f08f6ba30_b.jpg
MEAL-0196,https://live.staticflickr.com/2464/3943493333_f9d653440c_b.jpg
MEAL-0425,https://live.staticflickr.com/8347/8207130070_75ec3a9d9b_z.jpg
MEAL-0131,https://live.staticflickr.com/7317/9568272720_6707939e50_b.jpg
MEAL-0437,https://live.staticflickr.com/2658/4212028563_34563cb1d3_b.jpg
MEAL-0190,https://live.staticflickr.com/3048/2868221068_cd4181dd19_b.jpg
MEAL-0056,https://live.staticflickr.com/2733/4127908888_1e48e970a7_b.jpg
MEAL-0060,https://live.staticflickr.com/2879/33532350855_258f5f7f6f_b.jpg
MEAL-0296,https://live.staticflickr.com/5060/5504217671_ebf7d882c0_b.jpg
MEAL-0022,https://live.staticflickr.com/3253/2362473985_8b95da0336_b.jpg
MEAL-0097,https://live.staticflickr.com/8207/8180503972_c3b66bd271_b.jpg
MEAL-0350,https://live.staticflickr.com/5134/5483775957_70a6bd24b9_b.jpg
MEAL-0428,https://live.staticflickr.com/7259/6867490456_cdecfa723d.jpg
MEAL-0051,https://live.staticflickr.com/3520/3825391831_bcc58a8f50_b.jpg
MEAL-0228,https://live.staticflickr.com/5055/5447381940_70f0c8a0da_b.jpg
MEAL-0283,https://live.staticflickr.com/4057/4279926066_97281c2f24_b.jpg
MEAL-0451,https://live.staticflickr.com/8414/30436725175_537d9d54aa_b.jpg
MEAL-0223,https://live.staticflickr.com/4054/4657126071_b11f65235d_b.jpg
MEAL-0246,https://live.staticflickr.com/4129/5025253962_e93a29e957_b.jpg
MEAL-0380,https://live.staticflickr.com/8011/6964135236_5f5811d4bb_b.jpg
MEAL-0185,https://live.staticflickr.com/2607/4228116293_61bf2426e2_b.jpg
MEAL-0021,https://live.staticflickr.com/5133/5413194254_9df618c415_b.jpg
MEAL-0378,https://live.staticflickr.com/1032/1159076220_026cb0fc2e_b.jpg
MEAL-0304,https://live.staticflickr.com/8565/16138317401_6f1fbfcf6d_b.jpg
MEAL-0343,https://live.staticflickr.com/4062/4455909737_acf8bdc734_b.jpg
MEAL-0063,https://live.staticflickr.com/3268/3236276918_9fbe2c6cb5_b.jpg
MEAL-0405,https://live.staticflickr.com/4028/4271163453_e8aef84987_b.jpg
MEAL-0130,https://live.staticflickr.com/8622/28244896550_8621ef0142_b.jpg
MEAL-0381,https://live.staticflickr.com/3118/2425387271_3b53968570_b.jpg
MEAL-0135,https://live.staticflickr.com/37/78758992_9a3c001af6_z.jpg
MEAL-0031,https://live.staticflickr.com/7175/6828593967_5b72d1e0f9_b.jpg
MEAL-0290,https://live.staticflickr.com/4541/24284949968_3e0193b227_b.jpg
MEAL-0140,https://live.staticflickr.com/4052/4283908218_019fdfcdce_b.jpg
MEAL-0221,https://live.staticflickr.com/8285/7496235258_2b7a167a9e_z.jpg
MEAL-0301,https://live.staticflickr.com/4042/4303589429_c1d89af352_b.jpg
MEAL-0444,https://live.staticflickr.com/3814/10182899916_1af3287b47_b.jpg
MEAL-0201,https://live.staticflickr.com/7914/47025617391_c2c646c438_b.jpg
MEAL-0276,https://live.staticflickr.com/8306/7865279962_860f4234fe_b.jpg
MEAL-0402,https://live.staticflickr.com/5098/5594324296_61a0d818a3_b.jpg
MEAL-0352,https://live.staticflickr.com/151/331676727_019aa1c2b1_b.jpg
MEAL-0365,https://live.staticflickr.com/8301/7973915462_49dcf6fb2e_z.jpg
MEAL-0460,https://live.staticflickr.com/4007/4474291736_50a711097a_b.jpg
MEAL-0023,https://live.staticflickr.com/3109/3106837398_806b48115f_b.jpg
MEAL-0469,https://live.staticflickr.com/3505/3988314388_1f0cfe19b3_b.jpg
MEAL-0367,https://live.staticflickr.com/853/42019112550_bbdab87508_b.jpg
MEAL-0463,https://live.staticflickr.com/65535/49812312842_b503301811_b.jpg
MEAL-0295,https://live.staticflickr.com/65535/51365155087_a28d68f54d_b.jpg
MEAL-0440,https://live.staticflickr.com/5260/5447242217_58dcac8220_b.jpg
MEAL-0107,https://live.staticflickr.com/630/22100868223_ebd0121b06_b.jpg
MEAL-0168,https://live.staticflickr.com/2808/9209550065_ddb460a977_b.jpg
MEAL-0093,https://live.staticflickr.com/65535/51579147349_9604df096d_b.jpg
MEAL-0387,https://live.staticflickr.com/5283/5324726043_678fe17cf8_b.jpg
MEAL-0370,https://live.staticflickr.com/5299/5495182882_5d96611001_b.jpg
MEAL-0013,https://live.staticflickr.com/3097/3140283361_92c5d2def5_b.jpg
MEAL-0033,https://live.staticflickr.com/6134/5931681336_fb0d89b769_z.jpg
MEAL-0289,https://live.staticflickr.com/4024/4415406430_d8433ae034_b.jpg
MEAL-0323,https://live.staticflickr.com/6098/6324770774_1cbacb9a22_b.jpg
MEAL-0329,https://live.staticflickr.com/4116/4745908206_a37c726e22_b.jpg
MEAL-0182,https://live.staticflickr.com/2108/1582359644_830fc619b0_b.jpg
MEAL-0443,https://live.staticflickr.com/671/22695911596_d36bf38a86_b.jpg
MEAL-0325,https://live.staticflickr.com/3061/3056380793_e0c3b3a3fb_b.jpg
MEAL-0480,https://live.staticflickr.com/7547/15866318888_5f4f224c05_b.jpg
MEAL-0161,https://live.staticflickr.com/150/414511038_cb9fdb260e_z.jpg
MEAL-0491,https://live.staticflickr.com/65535/54342435197_9f344b94b3_b.jpg
MEAL-0432,https://live.staticflickr.com/5516/11977293864_d6928684a0_b.jpg
MEAL-0316,https://live.staticflickr.com/7045/7013601751_f40d33eea3.jpg
MEAL-0382,https://live.staticflickr.com/3371/3177377867_99f2e0147f_b.jpg
MEAL-0333,https://live.staticflickr.com/65535/52418893954_563a0ec006_b.jpg
MEAL-0220,https://live.staticflickr.com/53/135905798_f9cdc92b81_b.jpg
MEAL-0189,https://live.staticflickr.com/2788/4318374282_666e8015a7_b.jpg
MEAL-0032,https://live.staticflickr.com/8230/8561331989_e3fc346dae_z.jpg
MEAL-0383,https://live.staticflickr.com/2283/2259686201_9e75b8559e_b.jpg
MEAL-0253,https://live.staticflickr.com/3669/13386891933_7b43217cbe_b.jpg
MEAL-0226,https://live.staticflickr.com/7479/27724382936_16623c54ec_b.jpg
MEAL-0393,https://live.staticflickr.com/1704/24519849895_ca42b820b2_b.jpg
MEAL-0375,https://live.staticflickr.com/552/31379126244_7901322613_b.jpg
MEAL-0494,https://live.staticflickr.com/31/36844619_faac36a82b_b.jpg
MEAL-0453,https://live.staticflickr.com/4434/36279260121_63179eaed9_b.jpg
MEAL-0195,https://live.staticflickr.com/4776/26822589608_fb898264be_b.jpg
MEAL-0416,https://live.staticflickr.com/3198/2964718779_6b8cec54f4_b.jpg
MEAL-0173,https://live.staticflickr.com/2839/33274654463_ce52f7cdf8_b.jpg
MEAL-0421,https://live.staticflickr.com/3251/3119861609_00536a184f_z.jpg
MEAL-0181,https://live.staticflickr.com/2748/4415583424_99176c769b_z.jpg
MEAL-0462,https://live.staticflickr.com/4011/4538218424_44bf68bab5_b.jpg
MEAL-0314,https://live.staticflickr.com/4038/4256980294_82562794df_b.jpg
MEAL-0054,https://live.staticflickr.com/2135/2203956526_96f9c5079b_b.jpg
MEAL-0066,https://live.staticflickr.com/4536/37427475884_554420ae90_b.jpg
MEAL-0142,https://live.staticflickr.com/5046/5290769601_2ea031f820_b.jpg
MEAL-0363,https://live.staticflickr.com/2697/4212566059_a23552c171_b.jpg
MEAL-0224,https://live.staticflickr.com/3319/3496634064_40bb6ee2c1_b.jpg
MEAL-0415,https://live.staticflickr.com/4086/5205365229_9ca6c40ed5_b.jpg
MEAL-0065,https://live.staticflickr.com/3565/3338617148_1bf9dfd6ab_b.jpg
MEAL-0302,https://live.staticflickr.com/3046/2737969273_0601d55fe7_b.jpg
MEAL-0360,https://live.staticflickr.com/8458/7988805228_c29460096d_b.jpg
MEAL-0193,https://live.staticflickr.com/7035/6392565979_55a1560f91_b.jpg
MEAL-0042,https://live.staticflickr.com/5560/30452537153_932f5e886f_b.jpg
MEAL-0134,https://live.staticflickr.com/7032/6601002351_9e805de74b_b.jpg
MEAL-0148,https://live.staticflickr.com/5544/11397170606_1c27b4f279_b.jpg
MEAL-0386,https://live.staticflickr.com/4022/4397017778_b4ea8aa0f7_z.jpg
MEAL-0313,https://live.staticflickr.com/8490/8206014801_27a17eca50_z.jpg
MEAL-0345,https://live.staticflickr.com/7007/6838647065_b9c8aeea15_z.jpg
MEAL-0243,https://live.staticflickr.com/5056/5403570812_fe495ddaf6_b.jpg
MEAL-0242,https://live.staticflickr.com/2457/3679372889_c1975b135d_z.jpg
MEAL-0082,https://live.staticflickr.com/2498/3931237662_ec707be766_b.jpg
MEAL-0057,https://live.staticflickr.com/7382/9215522481_1582c2b3af_z.jpg
MEAL-0294,https://live.staticflickr.com/2772/4317597677_b49a4d1f48_b.jpg
MEAL-0129,https://live.staticflickr.com/2791/4287860302_547e6d9931_b.jpg
MEAL-0257,https://live.staticflickr.com/8285/7571082770_7dfdcdbfdf_b.jpg
MEAL-0077,https://live.staticflickr.com/3670/14248837286_752e8b1225_b.jpg
MEAL-0356,https://live.staticflickr.com/5474/9328996589_b68592a46b_z.jpg
MEAL-0277,https://live.staticflickr.com/4092/5194794697_ba92176911_b.jpg
MEAL-0004,https://live.staticflickr.com/5055/5447381940_70f0c8a0da_b.jpg
MEAL-0361,https://live.staticflickr.com/2135/2649810692_cb1820a19a_b.jpg
MEAL-0465,https://live.staticflickr.com/7032/6601002351_9e805de74b_b.jpg
MEAL-0027,https://live.staticflickr.com/3569/3843886595_3051976c27_b.jpg
MEAL-0477,https://live.staticflickr.com/1054/1300130693_47b34a3ba5_b.jpg
MEAL-0034,https://live.staticflickr.com/2123/2189853075_6a77cc4deb_b.jpg
MEAL-0136,https://live.staticflickr.com/8033/7988804974_dd98ec94c8_b.jpg
MEAL-0112,https://live.staticflickr.com/3332/3517178007_2fe2f9590f_b.jpg
MEAL-0359,https://live.staticflickr.com/121/304786709_5648e5ef61_b.jpg
MEAL-0211,https://live.staticflickr.com/8037/8064619407_b755ecd2cd_b.jpg
MEAL-0355,https://live.staticflickr.com/8385/8540617107_2aa402939d_b.jpg
MEAL-0159,https://live.staticflickr.com/252/521246021_2e7ba9e096_b.jpg
MEAL-0274,https://live.staticflickr.com/3875/14589335795_80be666a45_b.jpg
MEAL-0483,https://live.staticflickr.com/2014/2081427822_ba304026cf_b.jpg
MEAL-0485,https://live.staticflickr.com/4478/37379283905_36e6e36a3f_z.jpg
MEAL-0251,https://live.staticflickr.com/5127/5299299147_57f6511230_b.jpg
MEAL-0272,https://live.staticflickr.com/8471/8374790146_20fa0e2f88_b.jpg
MEAL-0473,https://live.staticflickr.com/3386/3475772128_bbe57e801f_b.jpg
MEAL-0062,https://live.staticflickr.com/3001/2586798266_da768d196e_z.jpg
MEAL-0125,https://live.staticflickr.com/3894/14389555830_2c541b21d3_b.jpg
MEAL-0219,https://live.staticflickr.com/5644/22100717633_9ce8552576_b.jpg
MEAL-0046,https://live.staticflickr.com/43/84012732_6e05cff2e0_b.jpg
MEAL-0124,https://live.staticflickr.com/7293/8734811167_47b403d75d_b.jpg
MEAL-0011,https://live.staticflickr.com/3019/2948627658_79a41bd999_b.jpg
MEAL-0083,https://live.staticflickr.com/3566/3284075371_fd0827de25_b.jpg
MEAL-0086,https://live.staticflickr.com/1758/42712176071_bd81694b3d_z.jpg
MEAL-0157,https://live.staticflickr.com/7037/7062752257_f6da1bd877_z.jpg
MEAL-0205,https://live.staticflickr.com/810/41028318572_52c3338b8e_b.jpg
MEAL-0230,https://live.staticflickr.com/4258/35568010936_71e1b3f8de_b.jpg
MEAL-0059,https://live.staticflickr.com/3238/2704646270_4f650201f2_b.jpg
MEAL-0106,https://live.staticflickr.com/147/383704339_95c76f1d50_b.jpg
MEAL-0209,https://live.staticflickr.com/8207/8180503972_c3b66bd271_b.jpg
MEAL-0418,https://live.staticflickr.com/2627/3930452995_e4b4e4a3fe_b.jpg
MEAL-0069,https://live.staticflickr.com/7372/8811410142_e8cc8378f8_z.jpg
MEAL-0213,https://live.staticflickr.com/99/304247172_5f796d2180_b.jpg
MEAL-0287,https://live.staticflickr.com/3268/3236276918_9fbe2c6cb5_b.jpg
MEAL-0261,https://live.staticflickr.com/65535/54045441325_c15e05c493_b.jpg
MEAL-0450,https://live.staticflickr.com/7445/27146468914_fa7a934d37_b.jpg
MEAL-0001,https://live.staticflickr.com/3238/3101152861_a7ea9baa77_b.jpg
MEAL-0116,https://live.staticflickr.com/8434/7726007240_3544778103_z.jpg
MEAL-0137,https://live.staticflickr.com/3679/9778333292_cfbf660637_b.jpg
MEAL-0120,https://live.staticflickr.com/393/19706596496_02b9d2df00_z.jpg
MEAL-0175,https://live.staticflickr.com/54/165716455_d9f9431283_z.jpg
MEAL-0104,https://live.staticflickr.com/5260/5447242217_58dcac8220_b.jpg
MEAL-0121,https://live.staticflickr.com/5290/5348023545_c572a31ce9_b.jpg
MEAL-0298,https://live.staticflickr.com/3117/5871679388_a7dda6b508_b.jpg
MEAL-0481,https://live.staticflickr.com/2942/32944952584_075939ddde_b.jpg
MEAL-0354,https://live.staticflickr.com/8660/28265304420_151ff85449_b.jpg
MEAL-0098,https://live.staticflickr.com/7436/12505873933_5aa8450a5a_z.jpg
MEAL-0072,https://live.staticflickr.com/6081/6113031911_00eb79d8c4_b.jpg
MEAL-0050,https://live.staticflickr.com/1348/562666865_73d73c3d89_b.jpg
MEAL-0216,https://live.staticflickr.com/5260/5447242217_58dcac8220_b.jpg
MEAL-0132,https://live.staticflickr.com/4096/4818138457_56b6406029_b.jpg
MEAL-0351,https://live.staticflickr.com/65535/49812010616_fd593cdb42_b.jpg
MEAL-0245,https://live.staticflickr.com/3533/3841289214_f3aa189771_b.jpg
MEAL-0155,https://live.staticflickr.com/2108/5825897589_39b880cfd5_b.jpg
MEAL-0089,https://live.staticflickr.com/8678/16048786661_5d8dafccbf_b.jpg
MEAL-0149,https://live.staticflickr.com/2782/4162823429_3bbf540ff5_b.jpg
MEAL-0210,https://live.staticflickr.com/4099/4882154429_e976ef6086_b.jpg
MEAL-0152,https://live.staticflickr.com/8252/8618024298_8fda97b807_b.jpg
MEAL-0064,https://live.staticflickr.com/4090/5220435330_b6f80b1fa5_z.jpg
MEAL-0147,https://live.staticflickr.com/7264/6902905454_b917b80276_b.jpg
MEAL-0487,https://live.staticflickr.com/1005/1015165922_2204f7b6e6_b.jpg
MEAL-0263,https://live.staticflickr.com/3449/3913603298_e1718ee579_b.jpg
MEAL-0334,https://live.staticflickr.com/5614/15520058337_ce59830604_b.jpg
MEAL-0053,https://live.staticflickr.com/50/134607396_6e16a5936d_b.jpg
MEAL-0377,https://live.staticflickr.com/4114/4941820485_a06151194c_b.jpg
MEAL-0430,https://live.staticflickr.com/7303/9607226019_af6abd0a09_b.jpg
MEAL-0040,https://live.staticflickr.com/8244/8618024378_c92b036826_b.jpg
MEAL-0429,https://live.staticflickr.com/4394/35527731653_d065742ae2_b.jpg
MEAL-0020,https://live.staticflickr.com/65/186828564_0a68cb5058_b.jpg
MEAL-0427,https://live.staticflickr.com/8196/8136761542_e46b8b11af_b.jpg
MEAL-0244,https://live.staticflickr.com/8505/8568542555_82387b543c_b.jpg
MEAL-0073,https://live.staticflickr.com/1179/797823041_089c69919a_b.jpg
MEAL-0461,https://live.staticflickr.com/8162/7431990948_7b96a53b23_z.jpg
MEAL-0144,https://live.staticflickr.com/8244/8561332099_04133b3650_z.jpg
